Bass Modulators - Survive (feat. Bram Boender),https://www.youtube.com/watch?v=TWAeQ68KLWQ,Art of Creation,2020-01-10 09:51:31,2020-01-09 16:00:12
Phuture Noize & B-Front - My Beautiful Fantasy | OUT NOW,https://www.youtube.com/watch?v=SGq3Ek4BcU4,B-Front,2020-01-11 10:05:09,2020-01-10 11:00:10
Psyko Punkz - Spaceship (Re-Style Edit),https://www.youtube.com/watch?v=1DzNzrJNJo8,Re-Style,2020-01-13 08:16:37,2020-01-10 17:40:26
lift me from the ground (Phuture Noize Remix),https://www.youtube.com/watch?v=DyQB6qS2OAM,San Holo - Topic,2020-01-14 15:37:56,2020-01-09 10:22:51
KELTEK - Kingdom Comes (ft. Diandra Faye) (Official 4K Videoclip),https://www.youtube.com/watch?v=_RKYWyr5uX0,Scantraxx,2020-01-16 16:05:59,2020-01-16 15:00:07
Sefa & Mr. Ivex - God’s Plan (Official Video),https://www.youtube.com/watch?v=TGXYNUBKJRs,Sefa,2020-01-21 19:25:51,2020-01-21 15:00:07
Shockwave - Heaven (Official Videoclip),https://www.youtube.com/watch?v=VNDf3dW7H6o,Scantraxx,2020-01-21 20:04:26,2020-01-21 14:00:05
Requiem - Fire Power (Official Videoclip),https://www.youtube.com/watch?v=NUXaayPmF1o,Scantraxx,2020-01-29 17:46:52,2020-01-29 16:00:07
Refuzion - The Things You Hated (Official Audio),https://www.youtube.com/watch?v=rkXhlDNDNgo,Dirty Workz,2020-01-30 14:43:05,2020-01-17 16:00:12
Denza & Proto Bytez - Luminance (Official Audio),https://www.youtube.com/watch?v=x2YqAlU_9nk,Dirty Workz,2020-01-30 19:36:31,2020-01-30 17:45:00
Sound Rush - Sticks & Stones (Official Lyric Video),https://www.youtube.com/watch?v=J_zHVyn6YJE,Rave Culture,2020-01-31 09:33:49,2020-01-13 11:00:04
Sephyx - Higher (Official Video),https://www.youtube.com/watch?v=8d5ItzP8EaU,Dirty Workz,2020-01-31 15:50:19,2020-01-31 15:00:02
Harris & Ford x Jebroer - Mutter (Official Video HD),https://www.youtube.com/watch?v=QVJNCEOsDag,Harris & Ford,2020-02-01 21:53:54,2020-01-31 13:00:11
Navras ft. Becko - In Every Place (Official Video) [Copyright Free Music],https://www.youtube.com/watch?v=ib1YVXr49FE,Dirty Workz,2020-02-02 14:30:13,2020-01-22 11:00:09
Zatox - Deep Inside (Official Video),https://www.youtube.com/watch?v=O3lFW9d8mC0,Dirty Workz,2020-02-03 18:44:41,2020-02-03 18:00:10
Hard Driver ft. Szen - All Or Nothing (Official Video),https://www.youtube.com/watch?v=g4P3nSNrb1o,Dirty Workz,2020-02-04 20:01:22,2020-02-04 17:45:01
New Kids feat. Paul Elstak - Turbo (D-Fence Remix Edit),https://www.youtube.com/watch?v=rLQJr35iw0M,MY.Necron,2020-02-06 13:48:22,2020-01-12 23:49:55
Pherato & Krowdexx & Navras & Tha Watcher - Change (Official Video),https://www.youtube.com/watch?v=aLIrbop1bGw,Dirty Workz,2020-02-07 11:57:25,2020-02-07 09:00:10
"Eastblock Bitches, OBS - Virus",https://www.youtube.com/watch?v=aWYjlRL3pMw,Club Sounds,2020-02-09 08:28:12,2020-01-31 11:00:02
Ghost Stories (D-Block & S-te-Fan) - Lake Of Fire,https://www.youtube.com/watch?v=pbXMsLFimsw,D-Block & S-te-Fan (DBSTF),2020-02-12 18:39:18,2020-02-11 15:13:32
D-Block & S-te-Fan and D-Sturb - Feel It!,https://www.youtube.com/watch?v=Xz-fTK1TMdw,D-Block & S-te-Fan (DBSTF),2020-02-12 18:47:10,2020-01-21 16:15:05
Re-Style - One Last Dance (ft Cammie Robinson) (Official Videoclip),https://www.youtube.com/watch?v=MVnfn_dDpA4,Re-Style,2020-02-13 20:19:44,2020-02-12 15:11:59
Dr. Peacock & Ferocious Dog - Psychedelic Spin (Official Video),https://www.youtube.com/watch?v=Q2yZeJwTAtk,Dr. Peacock,2020-02-13 21:20:57,2020-02-10 15:45:06
Heaven (S3RL ft Tamika Remix) - DJ Sammy,https://www.youtube.com/watch?v=Rb_4tY-F1ls,S3RL,2020-02-14 06:43:16,2020-02-12 23:13:05
Malua & Alee - Make It Rain (Official Videoclip),https://www.youtube.com/watch?v=pJmbqQLBV84,Scantraxx,2020-02-14 17:21:51,2020-02-14 16:00:21
Proto Bytez - Come Back (Official Audio),https://www.youtube.com/watch?v=oCJMtGKG8m4,Scantraxx,2020-02-21 16:59:47,2020-02-21 16:00:11
Stormerz - Falling (Official Videoclip),https://www.youtube.com/watch?v=X0YcrR9mhJE,Scantraxx,2020-02-25 19:54:43,2020-02-25 15:00:13
E-Force feat. Carola - Move On,https://www.youtube.com/watch?v=bBx8Wf7xJD0,E-Force,2020-02-25 20:10:06,2020-02-24 15:45:53
Key4050 & Plumb - I Love You,https://www.youtube.com/watch?v=6jGr5yr43W0,A State Of Trance,2020-02-25 20:23:42,2020-02-21 22:00:01
2WEI - Survivor (Aftershock bootleg ft. LXCPR) FREE DOWNLOAD,https://www.youtube.com/watch?v=FBP5blCG-YQ,Aftershock,2020-02-25 21:15:53,2020-02-24 17:00:10
Sefa - Crawling,https://www.youtube.com/watch?v=mJEaNIK8vj4,Sefa,2020-03-04 09:39:35,2020-03-03 14:59:35
Ummet Ozcan x Harris & Ford -  Fight Back (Official Lyric Video),https://www.youtube.com/watch?v=o_3UHtCGCHI,Spinnin' Records,2020-03-09 04:55:42,2020-03-06 16:00:10
Wildstylez & Da Tweekaz - Adrenaline (feat. XCEPTION) (Official Videoclip),https://www.youtube.com/watch?v=mLa4-u1deKQ,Art of Creation,2020-03-13 05:31:00,2020-03-12 16:00:10
Rooler & Sefa - Remember The Name (Official Videoclip),https://www.youtube.com/watch?v=Hi6VSr_Iu3Q,Aggressive Records,2020-03-13 20:05:06,2020-02-25 15:00:07
B-Front & MYST - Power of Dreams (OUT NOW),https://www.youtube.com/watch?v=VJ38UoI_b2I,Roughstate,2020-03-13 20:12:15,2020-02-26 14:49:42
Udex - CⓧRRUPTED WORLD (Official Videoclip),https://www.youtube.com/watch?v=ysBpw4jehMo,Heart for Hard,2020-03-15 10:39:34,2020-02-14 14:20:01
Adaro ft. Mark Vayne - Dynamite (official videoclip),https://www.youtube.com/watch?v=Jq3wxWd1hEg,Adaro,2020-03-16 11:23:31,2020-03-16 11:00:13
Jeroxis - Freaking [GBE100],https://www.youtube.com/watch?v=diD_r-gQ6-s,Gearbox Digital,2020-03-16 14:39:07,2020-03-16 13:30:08
A New Beginning,https://www.youtube.com/watch?v=qME6z7ZmJ4w,Clockartz - Topic,2020-03-16 19:47:31,2020-03-01 09:57:12
Letting Go,https://www.youtube.com/watch?v=E0UBairRE9g,Clockartz - Topic,2020-03-16 19:54:57,2020-03-01 09:57:13
Breaking,https://www.youtube.com/watch?v=dBn7snRIwHE,Clockartz - Topic,2020-03-16 19:55:23,2020-03-01 09:57:12
atmozfears [my story] official music video,https://www.youtube.com/watch?v=fGV6wUXSHDw,ATMOZFEARS,2020-03-17 21:08:44,2020-03-16 14:00:11
Gareth Emery - You'll Be OK (feat. Annabel) [Official Music Video],https://www.youtube.com/watch?v=apKja6C804o,Gareth Emery,2020-03-18 08:15:52,2020-03-13 15:30:00
E-Force & Deadly Guns feat. Carola & Livid - Inflict The Pain (Official Video),https://www.youtube.com/watch?v=IE0FGG6JWGI,E-Force,2020-03-20 20:35:13,2020-03-16 17:00:16
Luke Bond feat. Tyler Graves - Left Of Us (Darren Styles Remix),https://www.youtube.com/watch?v=qKl-p5qj6lU,A State Of Trance,2020-03-20 22:00:45,2020-03-20 11:00:18
Envine - Leave (Official Audio),https://www.youtube.com/watch?v=FZ9lQNOUlnI,Scantraxx,2020-03-24 16:14:13,2020-03-24 15:00:13
The Prophet & Devin Wild ft. Remi - All In My Head (Official Videoclip),https://www.youtube.com/watch?v=V1mcP4udtos,Scantraxx,2020-03-26 15:58:08,2020-03-26 15:00:22
Unproven - Tell Me (2K19 Remix),https://www.youtube.com/watch?v=0xMqE68lqfg,Unproven,2020-03-26 19:23:55,2020-03-26 18:34:43
B-Front & Adaro ft. Nikki Milou - The Phoenix Of The Night | Official Video,https://www.youtube.com/watch?v=aQnHQuuSyu4,Q-dance Music,2020-03-28 20:16:45,2020-03-27 12:00:01
Ecstatic ft. MERYLL - The Waking Call (Official Audio),https://www.youtube.com/watch?v=ICXJwD1nvPg,Dirty Workz,2020-03-29 11:20:25,2020-03-26 17:45:00
D-Block & S-te-Fan - Love On Fire,https://www.youtube.com/watch?v=W_mkF6OyhNk,D-Block & S-te-Fan (DBSTF),2020-03-31 20:55:42,2020-03-30 10:58:08
Serzo - Call For Love (Official Audio),https://www.youtube.com/watch?v=9aYRxNUNRIg,Dirty Workz,2020-04-03 14:36:31,2020-04-02 16:45:00
Audiotricz - Skywards (feat. Michael Jo) (Official Videoclip),https://www.youtube.com/watch?v=CV3IMektt88,Art of Creation,2020-04-04 10:57:19,2020-03-19 15:00:10
Audiotricz - Distance (feat. Nino Lucarelli),https://www.youtube.com/watch?v=QVZMEswhPCs,Art of Creation,2020-04-04 10:58:04,2020-02-03 19:00:04
Major Lazer & DJ Snake ft. feat. MØ - Lean On (MANDY bootleg),https://www.youtube.com/watch?v=dxiOSFK0BgY,DJ MANDY,2020-04-04 14:06:32,2020-03-31 13:04:23
MANDY ft. Jelle Van Dael - We Are Warriors (Official Video),https://www.youtube.com/watch?v=W_nz08m1iwk,Dirty Workz,2020-04-04 14:42:22,2020-03-24 17:45:09
Udex & Level One - Can't Escape | Official Album Preview,https://www.youtube.com/watch?v=N1puCpXy4I0,Heart for Hard,2020-04-04 20:36:13,2020-01-22 14:56:14
Mark With a K & Xillions - Heartbeat (Official Videoclip),https://www.youtube.com/watch?v=LEigqhmrAqI,Mark With a K,2020-04-08 15:36:18,2020-04-08 14:00:09
KELTEK & Sound Rush - One Of Us (Official Videoclip),https://www.youtube.com/watch?v=Z_Z9cbk20zw,Art of Creation,2020-04-09 14:05:44,2020-04-09 14:00:09
Sefa & Phuture Noize - Apocalypse,https://www.youtube.com/watch?v=cJMtDMPe77E,Sefa,2020-04-13 14:45:38,2020-04-13 14:00:24
Ummet Ozcan x Harris & Ford - Fight Back (Club Mix),https://www.youtube.com/watch?v=ioMsFb9FWqw,Harris & Ford,2020-04-14 09:35:53,2020-03-27 10:54:30
Amentis - Victorious (Official Audio),https://www.youtube.com/watch?v=IlE37onFVM0,Dirty Workz,2020-04-15 18:05:11,2020-04-15 16:59:55
Deetox - Going Under (Official Videoclip),https://www.youtube.com/watch?v=ERVxZ-0K0Y4,Scantraxx,2020-04-16 20:18:06,2020-04-16 14:00:06
Da Tweekaz x Harris & Ford - Moskau (Official Video HD),https://www.youtube.com/watch?v=rObKCGTWnJc,Kontor.TV,2020-04-20 21:52:10,2020-04-03 10:00:11
Venga Deejays - Best Time Of My Life (Official Video 4K),https://www.youtube.com/watch?v=pyF9uUIziac,Kontor.TV,2020-04-20 21:53:09,2020-03-30 14:42:58
Wildstylez & Aftershock - Never Bring Us Down (feat. LXCPR) (Official Videoclip),https://www.youtube.com/watch?v=V9u_kh8blqU,Art of Creation,2020-04-22 07:06:04,2020-04-21 15:00:15
Megastylez vs. DJ Restlezz feat. Euphorizon - Our Revolution (Official Video) // DANCECLUSIVE //,https://www.youtube.com/watch?v=fc-MhYcX5hk,Central Stage of Music,2020-04-25 07:55:09,2020-04-17 15:00:11
Vince Tayler - Home (Fluxstyle Remix) // HANDS UP //,https://www.youtube.com/watch?v=_gt5ULh9WPA,Central Stage of Music,2020-04-25 08:46:08,2020-01-01 17:00:14
Dancefloor Kingz vs Sunvibez - Give Me A Lock (Video Edit),https://www.youtube.com/watch?v=3QK6q0H_L94,Hands Up Generation,2020-04-25 08:55:24,2020-04-20 14:27:00
Are We Alone,https://www.youtube.com/watch?v=Hu_sTDyy8cM,NIVIRO - Topic,2020-04-26 18:29:49,2020-01-02 11:32:14
Neelix & Durs - All Around Us (Official Audio),https://www.youtube.com/watch?v=WKu1JgtFohA,SpinTwistRecords,2020-04-29 13:46:26,2020-04-02 22:13:33
Devin Wild - Shapeshifting (Official Videoclip),https://www.youtube.com/watch?v=BqBlwxpWPWI,Scantraxx,2020-04-30 15:34:19,2020-04-30 14:00:08
Another Day (Rayvolt Hard Mix),https://www.youtube.com/watch?v=ZAkkrjvYD0g,Charly Lownoise - Topic,2020-05-01 16:26:12,2020-02-20 10:09:04
Gunz For Hire - Sicario (WRTN = OUT NOW!),https://www.youtube.com/watch?v=hii-L_7KL8I,Ran-D,2020-05-02 07:15:27,2020-04-30 22:00:18
D-Attack - Warrior Heart (Official Videoclip),https://www.youtube.com/watch?v=3IOdFY3jhUg,Scantraxx,2020-05-02 08:01:25,2020-04-22 14:00:05
Headhunterz - Dragonborn Part 2 (Feat. Malukah) (Official Video),https://www.youtube.com/watch?v=8IYy61kMXds,Headhunterz,2020-05-02 21:34:34,2020-05-02 14:00:12
Korsakoff & Broken Minds - Lost Myself (Official Videoclip),https://www.youtube.com/watch?v=DGGdSPZGtSo,Masters of Hardcore,2020-05-03 07:40:37,2020-02-17 16:00:03
RiraN - Hate The Most (Official Audio),https://www.youtube.com/watch?v=927-BqGwneE,RiraN Official,2020-05-04 20:41:49,2020-02-20 07:45:37
Kronos ft. MC Coppa - The Future (Broken Minds Remix) (Official Audio),https://www.youtube.com/watch?v=pV1rusmL5l4,Scantraxx,2020-05-06 19:02:26,2020-05-06 14:00:32
D-Sturb - World Out There (Official Videoclip),https://www.youtube.com/watch?v=NDS2KzO5g_w,D-Sturb,2020-05-07 17:25:39,2020-05-07 15:00:11
Wasted Penguinz - Another High (Official Video),https://www.youtube.com/watch?v=ujxlVoZJoL8,Wasted Penguinz,2020-05-08 08:43:16,2020-05-06 16:00:32
Ran-D - Hell Ain't Ready (WRTN = OUT NOW!),https://www.youtube.com/watch?v=7Cn281djFGM,Ran-D,2020-05-11 13:20:25,2020-04-30 22:00:02
Unproven & Barber - Disco Bitch,https://www.youtube.com/watch?v=lt6s_3wPAm0,Unproven,2020-05-14 11:26:06,2020-05-14 09:27:06
Le Shuuk - Sandmann (Official Video HD),https://www.youtube.com/watch?v=mlqFVstTN7A,Kontor.TV,2020-05-17 17:02:28,2020-01-16 17:10:16
Ran-D Ft. Mark Vayne & Diesel - Dreamers Of The Universe (official videoclip),https://www.youtube.com/watch?v=jZUi8jNKAjg,Ran-D,2020-05-18 12:53:14,2020-04-24 10:00:09
Lida - Карантинейджер (клип 2020) Lida prod.,https://www.youtube.com/watch?v=nC5S-JHXlwc,Lida,2020-05-22 22:24:32,2020-04-25 07:00:11
Mi Corazón (Nick Unique Remix Edit),https://www.youtube.com/watch?v=ZMCG1Pr1LO4,Indominu - Topic,2020-05-28 20:38:31,2020-04-16 21:55:07
Crystal Lake - Survive (Official Video),https://www.youtube.com/watch?v=sxNtgl0rKqQ,Dirty Workz,2020-05-30 09:16:59,2020-05-29 15:00:11
Radianze - Time Goes On,https://www.youtube.com/watch?v=R9OSZPts5A0,Q-dance Music,2020-06-01 09:02:08,2020-03-02 13:57:12
Kronos - Change Your Mind (Official Audio),https://www.youtube.com/watch?v=3sylZZ9A1Pk,Scantraxx,2020-06-01 09:54:37,2020-02-26 15:00:01
Vicetone & Tony Iggy - Astronomia (Coffin Meme): HARDSTYLE Remix,https://www.youtube.com/watch?v=eJ5MiV-3kuc,FallenSuperheroSG,2020-06-02 20:52:34,2020-05-01 07:14:14
Audiotricz & Darren Styles - Energy,https://www.youtube.com/watch?v=8Lxc8qb0CBI,Art of Creation,2020-06-03 19:22:52,2020-02-03 19:00:00
Re-Style - Feel Alive (ft Cammie Robinson) (Official Videoclip),https://www.youtube.com/watch?v=5mU-240ogJE,Re-Style,2020-06-05 15:20:11,2020-06-05 14:58:18
Audiotricz   Distance feat  Nino Lucarelli,https://www.youtube.com/watch?v=khavxuLyhvY,TheVictor Electro,2020-06-06 10:40:58,2020-02-22 01:48:56
Voidax - Into The Abyss | Official Video,https://www.youtube.com/watch?v=LXzslugWVbE,Q-dance Music,2020-06-07 12:51:18,2020-05-28 12:00:11
Demi Kanon - Get Closer (Official Videoclip),https://www.youtube.com/watch?v=A9FIRmveZAI,Scantraxx,2020-06-07 15:49:08,2020-05-20 14:00:03
Korsakoff & Broken Minds - Lost Myself (official videoclip),https://www.youtube.com/watch?v=yju6qWq22f8,OfficialKorsakoff,2020-06-09 17:54:59,2020-02-17 15:24:47
Adrenalize - For You (Official Videoclip),https://www.youtube.com/watch?v=_aJBOMW28l4,Scantraxx,2020-06-10 14:55:15,2020-06-10 14:00:15
Bassdrum,https://www.youtube.com/watch?v=WemgAJyGz4I,FiNCH - Topic,2020-06-11 06:53:17,2020-06-04 10:16:32
FiNCH feat. LiTTLE BiG - RAVE RELiGiON (Lyric Video) - prod. Dasmo & Mania Music,https://www.youtube.com/watch?v=wwymt_goEi8,FiNCH,2020-06-11 07:00:12,2020-01-23 22:57:01
Empyre One - Angeline (Hands Up Mix),https://www.youtube.com/watch?v=qP5ElldaLBs,Zooland.TV,2020-06-11 10:49:49,2020-03-05 23:00:07
D-Block & S-te-Fan and DJ Isaac - Harder State Of Mind,https://www.youtube.com/watch?v=2R96kFkPTx8,D-Block & S-te-Fan (DBSTF),2020-06-11 19:12:33,2020-06-09 15:00:12
Stephanie Ft. Arianna - Be Strong (Original Mix) - Official Video Preview,https://www.youtube.com/watch?v=d0pfN8geIdI,deejaystephanie,2020-06-11 21:48:46,2020-05-12 16:00:18
phuture noize - masquerade [visualizer],https://www.youtube.com/watch?v=P8SL3h2n97g,Black Mirror Society,2020-06-12 19:03:47,2020-06-11 14:21:36
Ghost Stories  - The Enemy (You Cannot See),https://www.youtube.com/watch?v=9qQ055zzXjk,D-Block & S-te-Fan (DBSTF),2020-06-14 08:59:32,2020-05-12 15:00:11
Harris & Ford - Wahre Freundschaft (Hardstyle Video HD),https://www.youtube.com/watch?v=9PpXcOmDcpM,Harris & Ford,2020-06-16 21:10:26,2020-05-22 09:00:12
Armin van Buuren & Brennan Heart feat. Andreas Moe - All On Me (Brennan Heart VIP Mix) (Lyric Video),https://www.youtube.com/watch?v=_YvaGrjhevI,I AM HARDSTYLE,2020-06-21 16:40:28,2020-05-01 21:11:27
Adaro & Rejecta - Strong (official videoclip),https://www.youtube.com/watch?v=cHdapUnqWuw,Adaro,2020-06-22 20:51:29,2020-06-17 10:00:30
Gunz for Hire - Every Breaking Wave (4K Official Videoclip 2020),https://www.youtube.com/watch?v=jjEfUddLKYU,Gunz For Hire,2020-06-23 12:42:14,2020-06-25 10:00:10
Unproven - Circles (Bootleg),https://www.youtube.com/watch?v=OiNTsqWYA9Y,Unproven,2020-06-25 19:18:23,2020-06-25 18:16:53
Rebelion ft. Micah Martin - Never Back Down (Official Videoclip),https://www.youtube.com/watch?v=0lpTG3UIo0k,Scantraxx,2020-06-25 19:38:42,2020-06-25 14:00:00
Xense - Up In The Clouds (Official Lyric Video),https://www.youtube.com/watch?v=KfcmiMoEI64,Lose Control Music,2020-06-27 15:34:32,2020-05-18 15:00:12
Degos & Re-Done - Take Me Back (Official Video),https://www.youtube.com/watch?v=s2J0goJTMp4,degosredone,2020-06-28 07:12:39,2020-06-25 10:00:21
Le Shuuk vs. Jerome - You & Me (Official Video HD),https://www.youtube.com/watch?v=TIcVP3zsNYU,Kontor.TV,2020-06-30 14:11:08,2020-04-27 14:14:32
Sub Zero Project - The Silence (Of My Sins) (Official Video),https://www.youtube.com/watch?v=xYYFtYeiuCY,Dirty Workz,2020-07-01 17:09:28,2020-07-01 17:00:10
Mad Crow - I N33D U,https://www.youtube.com/watch?v=qbzT-BTwEuU,You Love Dance.TV,2020-07-03 21:02:31,2020-07-03 08:00:11
DJ Gollum feat. DJ Cap - I've Got The Key (Phillerz vs. Triforce Radio Edit),https://www.youtube.com/watch?v=l1VRlolYfls,Hands Up Generation,2020-07-03 22:29:37,2020-07-02 18:20:45
Sunrise (Edit),https://www.youtube.com/watch?v=o_COa_UAgsk,Movin - Topic,2020-07-13 06:30:39,2020-02-06 10:25:19
Lady Faith - Different (Official Videoclip),https://www.youtube.com/watch?v=4OkgdgknKxQ,Scantraxx,2020-07-14 16:36:02,2020-07-14 14:00:02
The Prophet - Outta Control (Official Videoclip),https://www.youtube.com/watch?v=342GhQOSVGU,Scantraxx,2020-07-16 14:22:03,2020-07-16 14:00:00
Korsakoff - Ready To Go (official videoclip),https://www.youtube.com/watch?v=yl_CHhO1RMQ,OfficialKorsakoff,2020-07-16 14:53:18,2020-07-16 13:48:41
Fresh Til' Death ft. Mylki - In Too Deep (Firelite Hardstyle Remix) | HQ Videoclip,https://www.youtube.com/watch?v=KqAlBHyHU5c,HardstyleUp2Datez [HU2Dz],2020-07-16 19:21:12,2020-03-19 17:00:12
Supermode – Tell Me Why (Official HD Video) [2006] | MINISTRY VAULTS,https://www.youtube.com/watch?v=tWK8kLIYxF0,Ministry of Sound,2020-07-20 18:44:10,2020-06-30 06:00:10
4 Ever 1,https://www.youtube.com/watch?v=MBK1rw5BkLA,Master Blaster - Topic,2020-07-24 07:51:51,2020-07-23 10:13:14
Re-Style & Rayvolt - Enrapture (Official Videoclip),https://www.youtube.com/watch?v=U17TvV9MVcY,Re-Style,2020-07-25 09:00:26,2020-07-24 13:55:26
Sephyx - Through The Silence (Crypton Remix) (Official Video),https://www.youtube.com/watch?v=MEh6HBvWWY0,Dirty Workz,2020-07-28 21:16:11,2020-06-16 16:45:11
Brennan Heart & Jake Reese - Lose It All (Official Video),https://www.youtube.com/watch?v=lwgaL1SNBeg,I AM HARDSTYLE,2020-07-28 21:17:20,2020-06-04 13:00:11
HARRiS & FORD x FiNCH - NACHBARN,https://www.youtube.com/watch?v=YvRE14Sm1mM,FiNCH,2020-07-31 10:23:55,2020-07-31 10:00:11
Marc Korn & Jaycee Madoxx - Miracle (Empyre One Radio Edit),https://www.youtube.com/watch?v=Qd3F5xZpLGI,You Love Dance.TV,2020-08-01 06:37:30,2020-07-31 07:00:04
D-Attack - The Dream (Official Videoclip),https://www.youtube.com/watch?v=ZI4ZMTl6z8E,Scantraxx,2020-08-01 13:32:29,2020-07-29 14:00:18
JDX - Making Memories (Official Videoclip),https://www.youtube.com/watch?v=A0nNqfcGkTw,Scantraxx,2020-08-02 11:48:12,2020-08-01 22:00:25
Headhunterz - The Hunter And The Prey (feat. Sian Evans) [Official Videoclip],https://www.youtube.com/watch?v=e590yuFyMf4,Art of Creation,2020-08-03 07:30:58,2020-07-30 12:00:12
Warface - Control The Soul (Official Videoclip),https://www.youtube.com/watch?v=UzLIam5rWKg,WARFACE,2020-08-03 20:21:03,2020-08-03 16:00:11
Ziggy X - Keeps Me High,https://www.youtube.com/watch?v=QXBILNdNyrc,Hands Up Generation,2020-08-05 17:27:03,2020-05-06 17:52:18
Synthsoldier - INITIALIZE (Official Video),https://www.youtube.com/watch?v=9M0Hd32NUV0,Dirty Workz,2020-08-11 15:57:44,2020-08-11 10:00:05
Hard Driver - Run This Town (Official Video),https://www.youtube.com/watch?v=lyEvkVithnM,Dirty Workz,2020-08-14 22:18:45,2020-08-05 17:00:10
Not Giving Up On Love (Frontliner Remix),https://www.youtube.com/watch?v=953SALX4FPc,Armin van Buuren - Topic,2020-08-14 22:57:59,2020-07-30 10:57:38
Ran-D & Villain - MGFY (OUT NOW),https://www.youtube.com/watch?v=ZMierZ8tBu4,Roughstate,2020-08-15 14:10:28,2020-06-12 11:00:20
Basslovers United - Forever Is Over (Naptone Remix),https://www.youtube.com/watch?v=maJD6bSAwC0,Zooland.TV,2020-08-21 17:05:27,2020-08-20 18:00:15
D-Sturb & Sound Rush - Embracing The Madness (Official Videoclip),https://www.youtube.com/watch?v=PKCku2Q9wLs,Art of Creation,2020-08-21 17:54:53,2020-08-20 14:00:23
Lea - Treppenhaus (WhyAsk! Remix),https://www.youtube.com/watch?v=yKXKVtv1Qb8,WhyAsk!Official,2020-08-22 08:17:53,2020-08-04 20:54:16
Wasted Mind - Reason (Unproven Remix),https://www.youtube.com/watch?v=NL47be19zPE,Unproven,2020-08-27 08:32:55,2020-08-27 06:00:03
Demi Kanon - Walk Away (Official Audio),https://www.youtube.com/watch?v=-F3YxBfyVco,Scantraxx,2020-08-28 02:38:33,2020-08-26 14:00:00
Noisecontrollers - So High (Recharge Remix) [Free Release],https://www.youtube.com/watch?v=0iBCB4LW7KU,EuphoricHardStyleZ,2020-08-29 06:32:53,2020-08-25 22:24:16
Dance Tron - Breaking Me (Basslouder Remix Edit),https://www.youtube.com/watch?v=XXG3All6C_g,LNGLABEL,2020-09-01 18:53:18,2020-08-11 08:13:05
Jerome - Jupiter (Official Video HD),https://www.youtube.com/watch?v=M7jkLJjXuyM,Kontor.TV,2020-09-02 19:37:28,2020-08-28 10:00:10
Tigaiko & Raveision - Flame (Hardstyle) | Official Music Video,https://www.youtube.com/watch?v=7vuuxuy5-j4,HardstyleUp2Datez [HU2Dz],2020-09-03 12:22:11,2020-09-02 16:00:02
KELTEK - Awaken | Music Video | Q-dance Records,https://www.youtube.com/watch?v=kXCznZ34Lxs,Q-dance,2020-09-03 16:03:59,2020-09-03 14:00:18
B-Front & Adrenalize - Above Heaven | Official Video | Q-dance Records,https://www.youtube.com/watch?v=YnuhcG7e2Rs,Q-dance,2020-09-03 16:05:22,2020-07-17 15:00:09
Adaro & Digital Punk - Reach For The Sky | Q-dance Records,https://www.youtube.com/watch?v=xbizjz1a2xg,Q-dance,2020-09-03 16:14:51,2020-05-29 13:00:45
Excision ft. Akylla - Die For you (DJ AniMe Bootleg),https://www.youtube.com/watch?v=ps0WOD6yPBw,DJ AniMe,2020-09-08 07:12:32,2020-09-08 06:43:00
Crypton ft. Claire Classicore - Distraction | QORE,https://www.youtube.com/watch?v=rkO2v-3f2cc,Q-dance Music,2020-09-14 13:24:10,2020-08-13 15:15:00
Refuzion - Drift Away (Numa Numa Yay) (Official Video),https://www.youtube.com/watch?v=PtlA84wfoA4,Dirty Workz,2020-09-17 10:47:46,2020-09-17 10:00:09
DJ Thera ft. MC Instinct - Endless Nights (Official Videoclip),https://www.youtube.com/watch?v=kW1rZsoumDo,Dj Thera,2020-09-17 22:06:14,2020-07-17 16:00:13
Headhunterz - Dragonborn part 3 (Oceans Apart) - feat. Sian Evans (Official Videoclip),https://www.youtube.com/watch?v=6WySd0j62js,Art of Creation,2020-09-19 06:40:14,2020-09-18 13:00:09
Coone & Sound Rush - Inception (Official Video),https://www.youtube.com/watch?v=ERgNg1TPLmU,Dirty Workz,2020-09-26 07:27:51,2020-09-24 17:00:10
Sephyx - Futuristic Masterminds (Official Video),https://www.youtube.com/watch?v=eYeyty20tNw,Dirty Workz,2020-09-27 16:20:55,2020-09-18 10:00:10
"Brennan Heart, Toneshifterz & Dailucia - Time Is Now (Official Video)",https://www.youtube.com/watch?v=HfkLv_kzKdg,I AM HARDSTYLE,2020-09-27 16:21:42,2020-09-22 14:08:49
High Frequency - Catch The Moment | NEXT,https://www.youtube.com/watch?v=LitF-bHy2Do,Q-dance Music,2020-09-28 14:11:42,2020-09-07 13:00:04
Stormerz - Can't Breathe | Official Video | NEXT,https://www.youtube.com/watch?v=2blYuhGjg4M,Q-dance Music,2020-09-30 05:25:45,2020-07-27 15:00:01
Final Day - All Of Us | NEXT,https://www.youtube.com/watch?v=WU64YKMxhO4,Q-dance Music,2020-10-01 14:33:25,2020-09-21 13:00:04
Atmozfears & Devin Wild ft. David Spekter - Breathe 2020 (Official Videoclip),https://www.youtube.com/watch?v=FIx-m6LXWhk,Scantraxx,2020-10-02 16:43:50,2020-10-01 14:00:03
Firelite & John Harris - Never Going Home (Official Audio),https://www.youtube.com/watch?v=zFdkBg44L7w,Dirty Workz,2020-10-03 11:30:38,2020-09-25 10:00:30
Cascada - I'm Feeling It (In The Air) (Official Lyric Video HD),https://www.youtube.com/watch?v=l2-I8RliEyI,Zooland.TV,2020-10-03 11:37:58,2020-10-01 22:00:12
Cascada - A Neverending Dream (Scoopheadz Remix),https://www.youtube.com/watch?v=8zU3LLQBySk,Zooland.TV,2020-10-03 11:41:56,2020-03-29 22:00:05
Basstube Rockerz - Only You,https://www.youtube.com/watch?v=62SY7KZYRyY,Zooland.TV,2020-10-03 12:48:27,2020-09-25 09:44:35
Nera – Lose Control (Anodyze Remix),https://www.youtube.com/watch?v=36y6AUEMbNY,Zooland.TV,2020-10-03 12:49:24,2020-09-25 08:58:59
DJ Gollum feat. Scarlet - All The Things She Said 2020 (Sub Sonik Remix),https://www.youtube.com/watch?v=s0JeTD2iZXw,Zooland.TV,2020-10-03 13:17:29,2020-08-28 12:49:08
Scarf! - Odysee (Basstube Rockerz Remix),https://www.youtube.com/watch?v=G0sUnKir43A,Zooland.TV,2020-10-03 13:19:58,2020-08-06 22:00:03
Sintica - Drops (Official Slo Mo Video HD),https://www.youtube.com/watch?v=Y1fkp6lTzpQ,Zooland.TV,2020-10-03 13:21:35,2020-07-31 12:52:14
GSB feat. Marcel Galos - Break Out (Official Video HD),https://www.youtube.com/watch?v=xY3YoOiqXN0,Zooland.TV,2020-10-03 13:39:04,2020-06-18 22:00:30
FSDW - To France (Denox & Shell Shokk Remix),https://www.youtube.com/watch?v=Z3ry_YydCPo,Zooland.TV,2020-10-03 13:39:45,2020-06-18 22:00:21
Lady Faith - Believe | Basscon Records,https://www.youtube.com/watch?v=6VKSV2dqmdE,Basscon,2020-10-05 06:44:44,2020-10-02 17:18:36
Crude Intentions & Dr Rude - Tell Me Now | Basscon Records,https://www.youtube.com/watch?v=L1YvEpvRK7g,Basscon,2020-10-05 09:56:54,2020-07-10 18:47:00
Hellblasterz ft. Mark Vayne - We Won't Die Young | SPEQTRUM,https://www.youtube.com/watch?v=0GJIeN3TXVg,Q-dance Music,2020-10-05 10:02:28,2020-09-16 14:00:01
Unproven - The King,https://www.youtube.com/watch?v=zoz8cj7U_yA,Unproven,2020-10-06 14:20:07,2020-10-06 13:20:30
Nightcraft - Time (Official Videoclip),https://www.youtube.com/watch?v=6IFs-otSY1Y,Scantraxx,2020-10-13 14:55:09,2020-10-13 14:00:01
Kronos - Kryptonite (Official Videoclip),https://www.youtube.com/watch?v=IrawWYEwJB8,Scantraxx,2020-10-14 14:42:54,2020-10-14 14:00:09
Neptunica & Zombic feat. Marmy - Lay By My Side (Official Video HD),https://www.youtube.com/watch?v=AwpRATkTWcE,Kontor.TV,2020-10-15 15:26:30,2020-10-15 10:00:11
The Hitmen – My Only Vice (Club Edit) (Official Video HD),https://www.youtube.com/watch?v=CwmHa2A8Hio,Kontor.TV,2020-10-15 15:27:28,2020-10-10 12:00:03
Ran-D & Hard Driver - Sleepless Nights (official videoclip),https://www.youtube.com/watch?v=EbgVz0HIQeM,Ran-D,2020-10-15 15:28:14,2020-10-02 10:00:10
Nick Skitz Vs Studio X ft. Bridgette - Got The Groove (Nick Skitz & Basslouder Remix Edit),https://www.youtube.com/watch?v=CkrpjwfYojs,LNGLABEL,2020-10-17 20:14:21,2020-08-14 01:23:30
Predictable Rave Song - S3RL ft Tamika,https://www.youtube.com/watch?v=InCLS_DUiHA,S3RL,2020-10-18 09:52:48,2020-09-30 23:01:48
Bulletproof & Paul Elstak & Boogshe - We Live Forever (Official Videoclip),https://www.youtube.com/watch?v=pfYE8hZ_5n8,Masters of Hardcore,2020-10-18 09:53:34,2020-08-10 16:00:30
Delerium ft. Sarah McLachlan - Silence (Brennan Heart & Dailucia Remix),https://www.youtube.com/watch?v=7XqXSfyGAMo,Hardstyle4ever,2020-10-18 10:34:13,2020-05-08 19:52:49
Marc Korn – Hardcore Girl (Earsquaker Remix),https://www.youtube.com/watch?v=YL3GZpXUgrk,You Love Dance.TV,2020-10-18 20:44:54,2020-10-16 08:00:09
NaNana Na! (Radio Edit),https://www.youtube.com/watch?v=cRyGBAnoOdg,Coaster Boy - Topic,2020-10-19 15:04:32,2020-03-20 22:57:24
Serzo - Our Love (Official Audio),https://www.youtube.com/watch?v=IhElsHevkbM,Dirty Workz,2020-10-19 16:20:36,2020-06-15 17:00:07
Da Tweekaz ft. Matthew Steeper - Tomorrow (Serzo Remix) (Official Video),https://www.youtube.com/watch?v=tU0jsTOAzx8,Dirty Workz,2020-10-19 16:21:23,2020-10-08 17:00:18
Serzo - Good Time (Official Audio),https://www.youtube.com/watch?v=gQRLBOvJsyE,Dirty Workz,2020-10-19 16:21:46,2020-01-14 17:45:00
B-FRONT - LETTING GO (OUT NOW),https://www.youtube.com/watch?v=x7TGP95Z5dM,B-Front,2020-10-19 18:41:01,2020-06-19 15:54:40
Horyzon - Gravity (Official Video),https://www.youtube.com/watch?v=Qcm9fPvzcZY,Dirty Workz,2020-10-20 19:00:27,2020-10-02 10:00:11
Wasted Penguinz x Maggie Szabo - Life Support (Official Video),https://www.youtube.com/watch?v=nCzbp3dUHvk,Wasted Penguinz,2020-10-21 16:05:13,2020-10-21 16:00:11
Headhunterz vs. Da Tweekaz - Jäger or Spinach,https://www.youtube.com/watch?v=uOvgjtQqpRo,Headhunterz,2020-10-21 21:30:07,2020-10-21 16:30:02
Scooter - FCK 2020 (Official Video HD),https://www.youtube.com/watch?v=zu3k2PJumfI,Kontor.TV,2020-10-24 06:58:52,2020-10-22 22:00:11
W&W x AXMO ft. SONJA - Rave Love (Official Video),https://www.youtube.com/watch?v=iSnedb71sXI,W&W,2020-10-25 12:56:24,2020-10-23 10:00:09
Sefa & Relianze - Going Under,https://www.youtube.com/watch?v=C_bP_gBK3nk,Sefa,2020-10-29 19:54:31,2020-10-29 15:00:09
The Prophet - I Got A Dream (Official Videoclip),https://www.youtube.com/watch?v=j1D1kCcfL7I,Scantraxx,2020-10-31 16:21:08,2020-10-28 15:00:21
Sephyx x Firelite - Into The Light (Official Video),https://www.youtube.com/watch?v=B5-6d9dscgY,Dirty Workz,2020-11-05 14:22:32,2020-11-05 11:00:10
Make It A Miracle (Harris & Ford Remix) - Marc Korn x Hard But Crazy x Jaycee Madoxx,https://www.youtube.com/watch?v=rt-nsMM-3pM,Harris & Ford,2020-11-05 15:37:51,2020-10-23 10:00:10
Sub Zero Project ft. MC Stretch - Time Machine (Official Video),https://www.youtube.com/watch?v=7m0n8h8b89M,Dirty Workz,2020-11-06 11:05:49,2020-11-06 11:00:09
Ran-D - Living For The Moment (2020 Remix) (official videoclip),https://www.youtube.com/watch?v=VDuDdA-uj_8,Ran-D,2020-11-06 11:13:52,2020-11-06 10:30:09
atmozfears [home] official music video,https://www.youtube.com/watch?v=Gg4dY_JkNBQ,ATMOZFEARS,2020-11-06 11:21:06,2020-11-05 15:55:45
Brennan Heart x Harris & Ford - Addicted to the Bass (Official Video),https://www.youtube.com/watch?v=Xe7g2zqko5U,Harris & Ford,2020-11-06 11:50:30,2020-11-06 11:00:09
Deep End,https://www.youtube.com/watch?v=nnjtVefT-gU,Darren Styles - Topic,2020-11-06 18:17:49,2020-11-05 10:27:42
Atmozfears & Sound Rush - Crazy,https://www.youtube.com/watch?v=3FqOHCFCVOM,Art of Creation,2020-11-06 18:44:03,2020-11-05 11:00:51
Sound Rush - No One Ever Knows,https://www.youtube.com/watch?v=7Pr2S6WSjyI,Art of Creation,2020-11-06 18:45:36,2020-11-05 11:00:49
Sound Rush & Villain - Infinite Skies,https://www.youtube.com/watch?v=cakBTis3w-E,Art of Creation,2020-11-06 18:46:13,2020-11-05 11:00:13
Wildstylez & Sound Rush  - Untamable (feat. Ruby Prophet) (Tweekacore Remix),https://www.youtube.com/watch?v=nsN1OzKfFFI,Art of Creation,2020-11-06 18:46:25,2020-11-05 11:00:09
ATMOZFEARS & JESSE JAX - KEEP YOUR EYES OPEN,https://www.youtube.com/watch?v=v12m0VInyQ4,ATMOZFEARS,2020-11-07 08:30:36,2020-02-14 15:50:48
Mad Dog - Aria (Official Videoclip),https://www.youtube.com/watch?v=RhFYheTJECs,DJ MAD DOG,2020-11-07 09:07:54,2020-10-29 14:00:10
Zatox - Children Of The Sun ( Official Video ),https://www.youtube.com/watch?v=NkRrSVZCo4U,Zatox,2020-11-09 17:51:17,2020-11-09 17:00:09
B-Front & Deetox - Cosmos (OUT NOW),https://www.youtube.com/watch?v=fFZeWQm-t1A,Roughstate,2020-11-11 12:55:39,2020-11-11 10:45:03
Dr. Peacock - Tri Martolod (Official Video) [Q-dance Records],https://www.youtube.com/watch?v=k_DqQl61nqg,Dr. Peacock,2020-11-11 19:20:09,2020-08-27 15:00:20
D-Charged & Neolite - Let Me Know (Official Audio),https://www.youtube.com/watch?v=ukdSKGmbfVw,Scantraxx,2020-11-14 15:31:09,2020-11-13 15:00:30
Hypnose & D-Charged - Crankin' (Official Videoclip),https://www.youtube.com/watch?v=O_phaoLpsZA,Scantraxx,2020-11-15 08:22:37,2020-08-21 14:00:06
D-Charged - Lullaby (Official Audio),https://www.youtube.com/watch?v=HlGxa75ykBo,Scantraxx,2020-11-15 08:24:14,2020-04-21 14:00:10
Rebel Heart,https://www.youtube.com/watch?v=vXnFZhrLPvw,Irradiate - Topic,2020-11-16 06:46:58,2020-11-12 10:38:01
D-Charged - Wishes (Official Audio),https://www.youtube.com/watch?v=EwH7nlRc4wc,Scantraxx,2020-11-17 06:09:01,2020-05-15 14:00:12
Untouchable - S3RL ft Sara & LIDA,https://www.youtube.com/watch?v=Gg47RDWBxf0,S3RL,2020-11-17 20:10:34,2020-11-04 22:33:30
RVAGE ft. Lea König - The Reunion (Official Audio),https://www.youtube.com/watch?v=luUjobF-sQg,Scantraxx,2020-11-19 19:25:45,2020-11-19 15:00:11
MANDY - Only Gets Better (Official Video),https://www.youtube.com/watch?v=RjWFzhF_Ml8,Dirty Workz,2020-11-19 20:14:32,2020-11-19 18:00:05
Marious & Naptone – Heaven Lights,https://www.youtube.com/watch?v=jqlutHGj8uw,Zooland.TV,2020-11-20 15:19:21,2020-11-20 14:49:37
Radical Redemption & Nolz  - House Fire (Official Video),https://www.youtube.com/watch?v=XUjoA3QVYDA,Radical Redemption,2020-11-20 15:21:31,2020-11-20 13:00:11
Tom Belmond & Megastylez - U Gonna Be So Happy (With Me) (Official Music Video HD),https://www.youtube.com/watch?v=xfTz4UjcmDk,Zooland.TV,2020-11-20 15:27:11,2020-11-19 23:00:12
Unifire - Generation Z | QORE,https://www.youtube.com/watch?v=kZq4zBpu_jQ,Q-dance Music,2020-11-20 15:45:18,2020-11-19 18:17:54
Reklus - Hide Your Heart (Official Audio) [Copyright Free Music],https://www.youtube.com/watch?v=tmi1V5IYH6c,Dirty Workz,2020-11-20 17:56:04,2020-11-18 11:00:29
KELTEK - Divine (ft. Lindi) (Official Videoclip),https://www.youtube.com/watch?v=812185VOav8,Scantraxx,2020-11-20 19:59:26,2020-11-18 15:00:10
Dee-Block & S-te-Pack - What Is Love,https://www.youtube.com/watch?v=II5mk1-wvJI,D-Block & S-te-Fan (DBSTF),2020-11-20 20:15:10,2020-11-18 15:00:12
Darren Styles - Switch (Rawframez Kick Edit) (Uptempo),https://www.youtube.com/watch?v=SjceTHq6z-8,Frenchcore Hardcore,2020-11-21 09:11:04,2020-10-24 12:00:30
Act of Rage & Rejecta - REJECTOFRAGE (Official Videoclip),https://www.youtube.com/watch?v=NDzDvAcIZao,Act of Rage,2020-11-21 20:26:18,2020-11-09 17:00:13
Luca Testa ft. Reptile Room - Till The End (Official Video) [Copyright Free Music],https://www.youtube.com/watch?v=wleXTii6HtU,Dirty Workz,2020-11-25 18:34:32,2020-11-25 11:00:27
Adaro & Digital Punk - Bring You The Pain (The Machine Remix) (OUT NOW),https://www.youtube.com/watch?v=fBPvp9xw32c,Roughstate,2020-11-25 18:40:26,2020-11-23 11:15:03
Re-Style & Vertex - Shadow World (Official Videoclip),https://www.youtube.com/watch?v=Pk8-QeIRVSo,Re-Style,2020-11-27 17:39:07,2020-11-27 16:33:52
Coone & Brennan Heart - Fine Day (Official Video),https://www.youtube.com/watch?v=CDy18zfzxKE,I AM HARDSTYLE,2020-11-28 15:17:02,2020-03-27 13:00:10
Brennan Heart x Kayzo - Untouchable (Official Video),https://www.youtube.com/watch?v=IK0Te6-duZU,I AM HARDSTYLE,2020-11-28 15:22:07,2020-11-17 17:45:10
Unsenses - Glow (Official Video),https://www.youtube.com/watch?v=BRcgUs61emc,Dirty Workz,2020-11-28 16:02:12,2020-06-11 17:00:09
Scooter & Timmy Trumpet – Paul Is Dead (Official Video 4K),https://www.youtube.com/watch?v=HFsX0huM8Ig,Kontor.TV,2020-11-29 20:34:15,2020-11-26 23:00:11
Alex C. feat. YASS - Angel Of Darkness (Pyjama Pack Remix) (Official Video HD),https://www.youtube.com/watch?v=FwzEqi-PeXU,Kontor.TV,2020-11-29 20:36:21,2020-11-16 13:58:51
Kid Columbo - Bounce (Official Video) [Copyright Free Music],https://www.youtube.com/watch?v=vB1U4P42uZ4,Dirty Workz,2020-11-30 09:59:38,2020-11-04 11:00:20
"Semitoo, Ancalima, Marc Korn – Ready for Someday (Van Der Karsten Remix)",https://www.youtube.com/watch?v=QG4DZfPbESk,You Love Dance.TV,2020-11-30 14:56:07,2020-11-27 08:30:03
Firelite & DEEZL - Tear The Walls Down (Official Video),https://www.youtube.com/watch?v=ZHGM-W843LM,Dirty Workz,2020-12-01 10:23:54,2020-12-01 10:00:09
Shinzo & Phillerz - Clouds (Official Music Video HD),https://www.youtube.com/watch?v=7CXirdcUKo0,Zooland.TV,2020-12-02 18:23:46,2020-12-01 22:54:17
Exilium - Into The Light (Official Audio) [Copyright Free Music],https://www.youtube.com/watch?v=CpUnRB5v4WE,Dirty Workz,2020-12-02 18:38:20,2020-12-02 11:00:05
D-Attack - Born For This (Official Videoclip),https://www.youtube.com/watch?v=3mXGM_dtdZ8,Scantraxx,2020-12-02 19:06:19,2020-12-02 15:00:04
B-FRONT & E-FORCE - FAITH & INSANITY (OUT NOW ON ROUGHSTATE) THANK GOD FOR MUSIC E.P.,https://www.youtube.com/watch?v=ejG5-q-kyww,B-Front,2020-12-03 08:03:35,2020-12-02 23:05:13
D-Sturb - Guts To Dance (Official Videoclip),https://www.youtube.com/watch?v=biilcy4qo48,D-Sturb,2020-12-06 13:51:36,2020-11-30 16:30:02
B-FRONT - THANK GOD FOR MUSIC (OFFICIAL VIDEOCLIP),https://www.youtube.com/watch?v=Pym6w6hkcoY,B-Front,2020-12-07 14:31:39,2020-12-07 14:00:07
Twisted Melodiez - Never Letting Go [HQ Edit],https://www.youtube.com/watch?v=OfgJSXobsoE,EuphoricHardStyleZ,2020-12-09 07:43:09,2020-11-09 21:32:23
"The Elite - Devil In My Arms | Coone, Da Tweekaz & Hard Driver (Official Video)",https://www.youtube.com/watch?v=VARa7SwAWEE,Dirty Workz,2020-12-10 11:22:10,2020-12-10 11:00:10
Phuture Noize – A New World | Qlimax The Source | Official Music Video,https://www.youtube.com/watch?v=l034JWq6XI8,Q-dance,2020-12-10 15:53:09,2020-12-09 19:00:10
Empyre One - Moonlight Shadow (Stereo Faces Remix),https://www.youtube.com/watch?v=oUif5MePGvc,Zooland.TV,2020-12-11 18:57:46,2020-12-10 23:00:26
Unproven - Like A Drug,https://www.youtube.com/watch?v=jw7D4amOw4o,Unproven,2020-12-11 20:34:09,2020-11-26 10:30:15
Unproven - Take Me Home (Bootleg),https://www.youtube.com/watch?v=w4THzDbQrNA,Unproven,2020-12-11 20:35:14,2020-12-03 07:30:15
Forever Lost - Feeling Good (Official Audio),https://www.youtube.com/watch?v=eaMHLHAPLI8,Dirty Workz,2020-12-12 22:21:37,2020-11-23 18:00:08
Ghost Stories - Sweet Dreams,https://www.youtube.com/watch?v=QZdErmz2YKY,D-Block & S-te-Fan (DBSTF),2020-12-18 19:20:55,2020-12-15 15:00:09
Horyzon - To The Stars (Official Video),https://www.youtube.com/watch?v=UBKLmbUBf7g,Dirty Workz,2020-12-22 20:33:33,2020-07-06 17:00:15
Luca Testa & Rewildz - No Fear (Official Video) [Copyright Free Music],https://www.youtube.com/watch?v=s3uaX84v4TE,Dirty Workz,2020-12-25 09:40:16,2020-07-01 11:00:29
X-Cess! - Suck My ....,https://www.youtube.com/watch?v=PmQwCbYDfI8,Zooland.TV,2021-01-04 12:28:24,2020-12-24 23:00:06
Dj Thera feat. Yuna-X - Starfleet (T.C.C. Remix),https://www.youtube.com/watch?v=sU7RU-b9J14,Dj Thera,2021-01-06 18:49:17,2020-11-12 19:00:09
Harris & Ford x Mike Candys - My Way (Official Video HD),https://www.youtube.com/watch?v=0Q914lp_Pfw,Kontor.TV,2021-01-08 17:22:49,2020-12-04 14:00:10
Harris & Ford x Jerome - Higher Space (Official Video HD),https://www.youtube.com/watch?v=rgsbJ_YmrKY,Kontor.TV,2021-01-08 17:24:31,2020-12-18 11:00:09
Beachbag - We Are Young (Official Video HD),https://www.youtube.com/watch?v=pVRie32hqZ0,Kontor.TV,2021-01-08 17:36:44,2020-12-26 09:00:26
Hard3eat x Kurisu - Into You (Extended Mix),https://www.youtube.com/watch?v=x3gxi3sJqbg,Hands Up Generation,2021-01-15 19:31:10,2020-04-12 15:46:00
Café Del Mar (Three 'n One Remix),https://www.youtube.com/watch?v=uTA4C5QwZEg,Energy 52 - Topic,2021-01-16 07:37:29,2020-08-06 19:32:11
La Di Da (Quickdrop Extended Mix),https://www.youtube.com/watch?v=DV5ddd16Nyc,Marc Korn - Topic,2021-01-16 18:32:18,2020-09-17 10:03:15
Bangpiraten (Timster & Ninth Remix),https://www.youtube.com/watch?v=_XIO9mqwx4A,Bangbros - Topic,2021-01-23 14:12:42,2020-09-24 10:14:33
Drive By (Danceboy vs Cary August) (Danceboy Radio Edit),https://www.youtube.com/watch?v=TxHUaHs_6sc,Cary August - Topic,2021-01-24 13:35:46,2020-03-25 20:46:25
Nickelback - How You Remind Me (Galactixx Hardstyle Remix),https://www.youtube.com/watch?v=LmSKqyUfOO0,Galactixx,2021-01-29 19:26:13,2020-01-31 13:38:32
This Is the Night (Club Mix),https://www.youtube.com/watch?v=DOLmZV8WwNM,New System - Topic,2021-02-03 12:55:20,2020-09-26 10:33:37
[WACCA] RiraN - Tell Me (Official Music Video),https://www.youtube.com/watch?v=LzJtwXUglEY,RiraN Official,2021-02-13 16:31:50,2020-09-17 10:00:11
RiraN - Full Control (Official Audio),https://www.youtube.com/watch?v=i_51bPcgF3s,RiraN Official,2021-02-13 17:06:24,2020-12-27 06:19:16
RiraN - Get It (Official Audio),https://www.youtube.com/watch?v=Ykx6HwvV0-M,RiraN Official,2021-02-13 17:24:55,2020-08-11 10:41:39
RiraN - Freaks Of The Night (Official Audio),https://www.youtube.com/watch?v=aPlJw9u8iKg,RiraN Official,2021-02-13 17:34:28,2020-08-05 10:12:38
Unshakable (Massive New Krew Remix),https://www.youtube.com/watch?v=B6ZrQP9diZ0,RiraN - Topic,2021-02-13 17:40:28,2020-11-19 10:09:57
RiraN - Volcano (Official Audio),https://www.youtube.com/watch?v=kPWygosY4Q4,RiraN Official,2021-02-13 17:42:40,2020-01-11 05:42:54
RiraN - Stay Right Here (Official Audio),https://www.youtube.com/watch?v=owhO_-oaVu0,RiraN Official,2021-02-13 17:43:17,2020-03-11 05:18:11
RiraN - Losing Myself (Official Audio),https://www.youtube.com/watch?v=V-zp6ko3mqA,RiraN Official,2021-02-13 17:46:39,2020-08-16 13:09:28
RiraN - Far Away (Official Audio),https://www.youtube.com/watch?v=NzJhOoKFtqo,RiraN Official,2021-02-13 17:58:54,2020-01-24 08:00:08
RiraN - Somebody (Official Audio),https://www.youtube.com/watch?v=mltr6QoIhEc,RiraN Official,2021-02-13 18:05:42,2020-03-13 03:51:25
Yuta Imai - Worlds Collide EP,https://www.youtube.com/watch?v=QTd2X6-LRsI,Yuta Imai,2021-02-19 15:29:53,2020-05-18 08:29:28
Mike Candys - Begin Again (Official Lyric Video HD),https://www.youtube.com/watch?v=eU4OR7CBCYQ,Kontor.TV,2021-02-20 18:43:10,2020-10-02 15:14:47
Mike Candys & Neptunica & Marmy - Overdose (Official Video 4K),https://www.youtube.com/watch?v=5e7uSRaLOtM,Kontor.TV,2021-02-20 18:46:54,2020-12-25 10:41:44
Dr. Peacock & D-Frek - Herr Mannelig (Official Video),https://www.youtube.com/watch?v=ZKtdkFi_oFM,Dr. Peacock,2021-02-20 19:20:07,2020-07-31 06:25:01
Sefa – The Omega | Qlimax The Source | Official Music Video,https://www.youtube.com/watch?v=6j0buRkRbvg,Q-dance,2021-02-20 19:25:40,2020-12-28 16:00:09
Illenium - Paper Thin (Headhunterz Remix),https://www.youtube.com/watch?v=EangpWonmDM,Headhunterz,2021-02-20 21:37:40,2020-11-30 17:07:14
RiraN - The Guardians Of The Sun (Official Audio),https://www.youtube.com/watch?v=DZHbI2CF2bE,RiraN Official,2021-02-21 17:35:15,2020-01-01 09:15:00
Adaro & Kronos Ft. Nikki Milou - The Life (OUT NOW),https://www.youtube.com/watch?v=YstrEsutIUs,Roughstate,2021-02-22 09:36:25,2020-12-04 16:00:10
Sefa - Calling (Adaro Remix),https://www.youtube.com/watch?v=uGKYFWBVxJY,Adaro,2021-02-22 18:57:56,2020-12-23 14:50:10
Ran-D & LePrince - Fight Fire With Fire (official videoclip),https://www.youtube.com/watch?v=ueYJ9Ii6vpU,Ran-D,2021-02-28 20:19:19,2020-12-11 10:54:07
Rebelion - Crushmode (Official Videoclip),https://www.youtube.com/watch?v=_dzYgjREhGY,Scantraxx,2021-02-28 20:36:06,2020-04-08 14:00:24
Vertex - Run It Up (Official Videoclip),https://www.youtube.com/watch?v=5Ch2MK6jHlA,Masters of Hardcore,2021-03-01 13:44:34,2020-08-28 14:00:00
N-Vitral feat. Sovereign King & Last Word - I'm Nuclear (Official Videoclip),https://www.youtube.com/watch?v=EhOnkGow3x0,Masters of Hardcore,2021-03-01 20:07:34,2020-11-17 15:00:10
Standy & Marc Korn - Lonely (Empyre One Edit) (Official Audio),https://www.youtube.com/watch?v=QYujPwsoMWU,Marc Korn,2021-03-02 11:22:03,2020-11-05 14:23:57
Standy & Marc Korn - Lonely (Official Video 4K),https://www.youtube.com/watch?v=fB_WnUZPxrI,Marc Korn,2021-03-02 11:22:33,2020-10-30 09:45:25
Phuture Noize - Silver Bullet (VideoMix),https://www.youtube.com/watch?v=fjtWhkbBJkM,Hard Dance Media,2021-03-09 08:47:11,2020-07-25 21:18:22
I Wasted All Of My Time,https://www.youtube.com/watch?v=l6Zu_jPTyzU,Phuture Noize - Topic,2021-03-09 11:14:03,2020-03-06 14:23:40
You Could Be My Hero,https://www.youtube.com/watch?v=xNp1J9phaUY,Phuture Noize - Topic,2021-03-12 19:10:45,2020-07-21 10:02:38
It Ain't Easy,https://www.youtube.com/watch?v=PWeJXIz9d7o,Phuture Noize - Topic,2021-03-12 19:11:50,2020-07-21 10:03:45
A Fantastic Vibration,https://www.youtube.com/watch?v=Ignv2eZsJig,Phuture Noize - Topic,2021-03-12 20:02:32,2020-07-21 10:03:49
I Am a Fighter,https://www.youtube.com/watch?v=HuKhgkViXnk,Phuture Noize - Topic,2021-03-12 20:20:16,2020-07-21 10:02:33
Uniting Nations - Out Of Touch (Rawframez Bootleg),https://www.youtube.com/watch?v=-daJpiahlVo,Rawframez,2021-03-17 08:41:21,2020-06-30 15:44:30
365,https://www.youtube.com/watch?v=MN_Fm2GH13I,Phuture Noize - Topic,2021-03-17 20:55:21,2020-05-27 10:05:45
Sharks,https://www.youtube.com/watch?v=ICijtQzgVA4,Phuture Noize - Topic,2021-03-18 06:51:24,2020-07-21 10:02:38
Dreamers Delight,https://www.youtube.com/watch?v=xSo2ApYOsK0,Phuture Noize - Topic,2021-03-24 11:16:54,2020-07-21 10:03:45
Phyric ft. Last Word - Supernova (Official Audio),https://www.youtube.com/watch?v=DMe7rdqRc7k,Scantraxx Prospexx,2021-03-27 08:46:20,2020-11-03 15:00:02
Phyric - So High (TC Visualizer),https://www.youtube.com/watch?v=ec2bsWiZ6JA,Theracords,2021-03-27 12:34:14,2020-09-25 09:19:34
Marc Korn & Jaycee Madoxx - One More Shuffle (Official Video 4k),https://www.youtube.com/watch?v=KJD4G9Rtirc,Marc Korn,2021-04-02 15:19:45,2020-10-02 09:45:10
Colour of My Dreams (Megastylez Radio Mix),https://www.youtube.com/watch?v=gKwb_JcQH4s,DJ Sequenza - Topic,2021-04-02 16:56:30,2020-07-30 10:02:10
Summer Mystery (Extended Mix),https://www.youtube.com/watch?v=QFfu1AQ5J3M,DrumMasterz & Nick Unique - Topic,2021-05-18 07:24:01,2020-12-17 10:09:11
Turn It On (Extended Mix),https://www.youtube.com/watch?v=CEXyly4TJk0,Limitless - Topic,2021-05-22 12:32:44,2020-06-29 10:10:58
Now And Forever (Extended Mix),https://www.youtube.com/watch?v=3l-m2xXqtQs,Benjamin Sahba - Topic,2021-06-01 08:36:07,2020-05-15 10:42:11
The Hitmen - How I Wish (Club Mix) (Official Video HD),https://www.youtube.com/watch?v=fLb-JHlWI5c,Kontor.TV,2021-06-09 20:00:54,2020-12-12 14:00:06
RWND & Ephoric - Like A Drum (Official Audio),https://www.youtube.com/watch?v=6IAhEHqUaKk,Scantraxx Prospexx,2021-06-16 09:23:41,2020-09-17 14:00:02
Phyric - Love (Official Audio),https://www.youtube.com/watch?v=KvV5hEBlmVg,Scantraxx Prospexx,2021-06-17 04:21:37,2020-07-09 13:00:05
Galactixx - Ready To Party (OUT NOW),https://www.youtube.com/watch?v=OKzZoD-n5CA,Roughstate,2021-06-18 10:51:43,2020-02-14 11:00:05
Robert Miles - Children (Reverb Whip Bootleg Edit),https://www.youtube.com/watch?v=u_cptYuSn64,Hands Up Generation,2021-06-29 15:21:51,2020-05-10 12:47:38
Batashi - Smag Słów,https://www.youtube.com/watch?v=XYAf6f-y-aA,Opalite,2021-06-30 16:30:34,2020-11-11 16:27:07
Loneliness (Extended Mix),https://www.youtube.com/watch?v=Wt-w5MnwwsM,Lt. Dan - Topic,2021-07-06 07:57:35,2020-12-14 16:37:29
Voidax & Dawnfire - Madness (OUT NOW),https://www.youtube.com/watch?v=bN7RIFG-jGg,Roughstate,2021-07-23 07:41:33,2020-09-04 09:45:03
German Sex Tourist - Mr. Bassmeister [FRENCHCORE 2020],https://www.youtube.com/watch?v=ADuAzItBzto,Mr. Bassmeister,2021-07-29 09:19:44,2020-09-16 05:37:41
Yogasm - Some Say (HappyTech Remix Edit),https://www.youtube.com/watch?v=G6o643xKp9Y,LNGLABEL,2021-07-31 19:43:16,2020-11-11 23:51:42
Make Some Noise (T.A.T. Rmx),https://www.youtube.com/watch?v=9_Ok8_i_-bY,"Mad@Faq*,Tatanka - Topic",2021-08-05 13:15:18,2020-04-09 20:34:55
No Way Back (Qlimax Anthem 2011),https://www.youtube.com/watch?v=39cI58-yY6o,Zatox - Topic,2021-08-06 14:23:05,2020-07-13 17:30:11
You Could Be My Hero,https://www.youtube.com/watch?v=vl2zPgZnfNM,Phuture Noize - Topic,2021-08-21 10:06:48,2020-07-21 22:02:14
Dreamers Delight,https://www.youtube.com/watch?v=kS_5CDuSvbE,Phuture Noize - Topic,2021-08-21 10:09:57,2020-07-21 22:01:16
Shake Your Body,https://www.youtube.com/watch?v=a-2mnbILeaI,Quickdrop - Topic,2021-10-09 07:30:37,2020-10-29 10:07:48
Rändajad,https://www.youtube.com/watch?v=eKiRS3k4j8I,Urban Symphony - Topic,2021-10-21 21:03:18,2020-03-04 15:53:25
Adaro & Kronos Ft. Nikki Milou - The Life (official videoclip),https://www.youtube.com/watch?v=kXsNqDoQhMw,Adaro,2021-11-06 07:27:33,2020-12-04 09:00:13
Sub Zero Project ft. Diandra Faye - The Remedy (Official Video),https://www.youtube.com/watch?v=xm6Qo1xNYk8,Dirty Workz,2021-11-11 21:50:12,2020-05-22 15:00:10
Sub Zero Project - Rave Into Space (Official Video),https://www.youtube.com/watch?v=NaQc3jclGgc,Dirty Workz,2021-11-11 21:50:25,2020-03-31 16:00:10
Cutting Edge (Extended Mix),https://www.youtube.com/watch?v=LA-6bo2uf4Q,Phrantic - Topic,2021-11-19 14:38:38,2020-01-13 10:07:51
Audiotricz & Bass Modulators - Thriller,https://www.youtube.com/watch?v=spWjzdDT6ww,Art of Creation,2021-12-13 09:24:43,2020-10-29 15:00:09
Lost in Dreams (Q-Base OST 2008) (Sequenza Mix 2),https://www.youtube.com/watch?v=GIhYywkCRTY,Mike NRG - Topic,2021-12-13 15:16:32,2020-07-13 17:49:02
This Is The Sound (Narcyz Remix),https://www.youtube.com/watch?v=uI3vmVDX6lc,Christina Novelli - Topic,2021-12-20 10:19:07,2020-07-29 10:07:43
Tha Playah - Dedicated To Dominate,https://www.youtube.com/watch?v=m34g1eKwAHw,State of Anarchy,2022-01-17 16:28:40,2020-07-30 10:00:31
Dither - Addiction | Dominator - We Will Prevail,https://www.youtube.com/watch?v=sUZ_eGDCx0M,Dominator Festival,2022-01-17 16:29:12,2020-07-20 15:00:17
NIVIRO - The Phantom (Official Music Video),https://www.youtube.com/watch?v=XU2sIMpU928,Spinnin' Records,2022-02-03 07:15:24,2020-10-31 20:00:03
Voidax - Time and Space (OUT NOW),https://www.youtube.com/watch?v=ic4eHQqDizs,Roughstate,2022-02-14 14:33:37,2020-03-28 16:35:13
B-Front - Purest Heart (OUT NOW),https://www.youtube.com/watch?v=2On4P-uJT9k,Roughstate,2022-02-14 14:53:08,2020-11-20 10:30:00
Harris & Ford x Da Hool - Rocketship (Official Video HD),https://www.youtube.com/watch?v=ejZUmcmesX8,Harris & Ford,2022-02-16 15:53:20,2020-10-02 10:00:11
Jebroer & Dr Phunk - Wunderbar (SuperMegaGeilFettFantastischWunderbar),https://www.youtube.com/watch?v=kt4UwQ1h16U,ROQ 'N ROLLA Music,2022-02-16 15:58:12,2020-06-05 10:00:10
AK47 x Macks Wolf - People Are You Ready (Original Mix),https://www.youtube.com/watch?v=RIVrcd3hb3c,DJ Kutski,2022-02-17 23:16:58,2020-02-28 00:53:46
Vertex - Get Down,https://www.youtube.com/watch?v=Mpn3DKpH8SU,Rapture Records,2022-02-17 23:19:10,2020-12-18 08:00:14
Coone - Beat Of The Drum (Official Video),https://www.youtube.com/watch?v=qDLiyevN1-c,Dirty Workz,2022-03-18 11:05:11,2020-12-31 11:00:11
Wildstylez & Ran-D - Warriors | Official Music Video | Q-dance Records,https://www.youtube.com/watch?v=VOQch4Zji80,Q-dance,2022-03-18 11:08:14,2020-11-25 11:00:07
Phrantic ft. Last Word - Cutting Edge (Official Audio),https://www.youtube.com/watch?v=IYJqVi0yIrA,Dirty Workz,2022-03-18 11:14:05,2020-01-13 17:45:00
Artifact & Deluzion - Searching (Official Videoclip),https://www.youtube.com/watch?v=l8Mb7UL96Go,End of Line Recordings,2022-03-18 11:36:02,2020-10-30 12:00:10
"Alan Walker & Ava Max - Alone, Pt. II (Da Tweekaz Remix)",https://www.youtube.com/watch?v=UScc0X9BsUY,Da Tweekaz,2022-03-21 09:43:59,2020-02-28 11:00:11
The Machine - Forgiven (OUT NOW),https://www.youtube.com/watch?v=v8zK6WrWCsQ,Roughstate,2022-04-17 06:40:10,2020-04-27 14:30:09
Krewella - Greenlights (Toneshifterz Remix),https://www.youtube.com/watch?v=6mXD7fgRWH8,Krewella,2022-05-14 17:18:18,2020-04-10 04:00:02
"Atmozfears, Code Black & Toneshifterz - All or Nothing",https://www.youtube.com/watch?v=QS6xTVtdkGQ,Code Black,2022-05-21 09:00:05,2020-08-25 17:30:13
Toneshifterz Ft. Insali - Scream & Shout (Official Music Video),https://www.youtube.com/watch?v=yXVpmMoDMD8,Toneshifterz,2022-05-21 10:54:45,2020-05-13 16:00:11
Walt - Let The Music Play (D-Block & S-te-Fan Remix),https://www.youtube.com/watch?v=vhzM9fhLeXU,D-Block & S-te-Fan (DBSTF),2022-05-25 22:53:50,2020-11-24 15:00:09
Synthsoldier & Horyzon - Wandering (Official Video),https://www.youtube.com/watch?v=XtAfoRXJA5U,Dirty Workz,2022-05-25 23:02:31,2020-12-16 18:00:18
Don't Give Up (Rob Mayth Remix),https://www.youtube.com/watch?v=fBfWdUUkrf0,Rushroom - Topic,2022-05-27 19:37:10,2020-08-16 10:01:43
Sub Sonik - The Rain (Official Video),https://www.youtube.com/watch?v=ulpX6R6d0PM,Dirty Workz,2022-06-18 14:30:54,2020-02-25 17:45:01
Stereocode & Trendbeats - Show Me (Official Videoclip),https://www.youtube.com/watch?v=7NdLti23qtQ,Stereocode Music,2022-10-11 19:19:14,2020-05-15 11:00:22
I Believe In Love 2020 (Club Edit),https://www.youtube.com/watch?v=_5aI8IWWdpE,Clubbticket - Topic,2022-10-12 17:58:06,2020-01-30 10:09:55
DEVOTION & AZGVRD - MIRACLES,https://www.youtube.com/watch?v=HF9zfkeKUuc,Akkros Records,2022-10-30 15:21:01,2020-12-10 06:48:20
KoNaTix - Life Itself 2020 (Official Audio),https://www.youtube.com/watch?v=pUbCrogKZwU,KoNaTix,2022-10-30 15:21:13,2020-12-08 19:00:14
MYST - Walk With Kings (Official Audio),https://www.youtube.com/watch?v=B96yO9jL3OU,MYST,2022-11-02 19:57:12,2020-03-24 11:00:11
Mirami - In The Air (Section 1 Remix),https://www.youtube.com/watch?v=o6cIALgqh3w,Mental Madness Records,2022-11-17 20:33:50,2020-10-29 23:00:13
Vhale ft. Juls - City In The Sky [Hardstyle],https://www.youtube.com/watch?v=_dNj0JUVALs,VhaleOfficial,2022-11-20 12:58:01,2020-06-09 13:37:17
Brooklyn Bounce - X2X (We Want More) (Dr Skull Remix Edit),https://www.youtube.com/watch?v=Z6QNlzsZFyk,Mental Madness Records,2022-11-29 08:24:47,2020-12-24 23:00:11
DJ Dean - If I Could Be You (Reloaded) (DJ Fait Remix Edit),https://www.youtube.com/watch?v=dpFd2sf1oNk,Mental Madness Records,2022-11-29 08:25:10,2020-12-17 23:00:11
Résistance - Sin Discoteca... No Fiesta! (DJ THT Remix Edit),https://www.youtube.com/watch?v=nLFa9D6w6sA,Mental Madness Records,2022-11-29 08:53:11,2020-11-19 23:00:12
Brooklyn Bounce - Take A Ride (Dan Winter Bootleg Remix Edit),https://www.youtube.com/watch?v=p5-jh4SJSoQ,Mental Madness Records,2022-11-29 17:33:16,2020-06-11 22:00:13
Danceboy - Hands Up Junky (Radio Edit),https://www.youtube.com/watch?v=1XweJDT9PvI,Mental Madness Records,2022-11-29 17:34:04,2020-05-28 22:00:13
D-Block & S-te-Fan - Primal Energy (Defqon.1 2020 Anthem) | Official Video,https://www.youtube.com/watch?v=bfp0z4ndkIQ,Q-dance,2022-12-06 10:31:08,2020-02-26 19:30:11
DJ Thera - Better Now (Official Videoclip),https://www.youtube.com/watch?v=qr_wiTN7QJw,Dj Thera,2022-12-12 07:35:49,2020-06-05 10:00:25
Rooler - DISCOTEK (Official Video) (AR Mixtape Vol.1),https://www.youtube.com/watch?v=8JpSRISfqeY,Aggressive Records,2022-12-28 23:14:33,2020-07-08 07:00:04
Vertile - Not My Affection | Official Video,https://www.youtube.com/watch?v=PugNE37QlYk,Q-dance Music,2022-12-29 10:47:34,2020-04-22 16:00:12
PRDX ft.  Saga - Dying Day | NEXT,https://www.youtube.com/watch?v=XQzg4A2uG38,Q-dance Music,2023-01-04 19:47:46,2020-04-20 14:00:28
Audiofreq x Darksiderz - The 9th Gate (Official Video),https://www.youtube.com/watch?v=vEtDTM9YIco,Dirty Workz,2023-02-22 21:45:44,2020-10-22 17:00:09
Yuta Imai - In My Head (Official Audio) [Copyright Free Music],https://www.youtube.com/watch?v=hw9HJwF6ExY,Dirty Workz,2023-04-09 15:44:03,2020-11-11 11:00:21
D-Block & S-te-Fan and Villain - Trouble,https://www.youtube.com/watch?v=aSlvwRfbgPU,D-Block & S-te-Fan (DBSTF),2023-04-12 13:44:34,2020-10-27 15:00:10
The Prophet - Wanna Play? (270 BPM Terror Edit) (Official Audio),https://www.youtube.com/watch?v=mMifb5E2HJs,Scantraxx,2023-04-15 08:57:00,2020-07-31 14:00:09
My Sweety Little Demon (Sweety Melody),https://www.youtube.com/watch?v=MgCoboHmPLw,Noir Conspiracy - Topic,2023-05-20 14:37:40,2020-12-17 10:18:37
Right Now (Radio Edit),https://www.youtube.com/watch?v=wgkQ-Qqudmk,Sound Rush - Topic,2023-06-12 12:49:15,2020-04-17 14:37:46
Endymion ft. Salvo - Guardians of the Night (Official Music Video),https://www.youtube.com/watch?v=R49zM7KoJUc,Endymion,2023-06-28 16:53:49,2020-07-16 10:00:10
All of Your Love (Hardstyle Mix),https://www.youtube.com/watch?v=QmmVSl-OKOI,DJ Gollum - Topic,2023-06-28 16:58:02,2020-03-12 10:12:45
Rock This,https://www.youtube.com/watch?v=PJaxk_bxpL4,Dougal - Topic,2023-07-26 19:18:24,2020-06-04 14:08:26
