Syn Cole - Californication (VIP Mix),https://www.youtube.com/watch?v=Eh3Pai4MQ4E,MrSuicideSheep,2016-11-19 20:02:21,2016-11-19 19:31:39
Feki - Run Away,https://www.youtube.com/watch?v=ccyMA_RyLX8,MrSuicideSheep,2017-03-02 21:55:43,2017-03-02 21:30:01
Cammora - On My Way (Official Music Video),https://www.youtube.com/watch?v=sFZ1vgC2Sr0,Spinnin' Records,2017-03-28 12:15:07,2017-03-28 12:00:07
Snavs & ReauBeau - Dreams (Official Lyric Video),https://www.youtube.com/watch?v=4I_1KLreYjA,Spinnin' Records,2017-03-31 19:56:02,2017-03-31 19:00:01
Yves V & Marc Benjamin - Blow (Official Music Video),https://www.youtube.com/watch?v=c5BAM84BfqM,Spinnin' Records,2017-05-15 19:56:57,2017-05-15 19:00:04
Kygo & Ellie Goulding - First Time (R3HAB Remix),https://www.youtube.com/watch?v=CTVlTtyx8bo,Trap Nation,2017-07-01 20:03:22,2017-07-01 15:20:34
Nature One Inc. - We Call It Home (Prod. by Cuebrick) (Official Video 4K),https://www.youtube.com/watch?v=Vf0BFEylUpw,Kontor.TV,2017-07-15 16:34:42,2017-07-15 14:00:04
Alan Walker - All Falls Down (Lyrics / Lyric Video) feat. Noah Cyrus & Digital Farm Animals,https://www.youtube.com/watch?v=KJZsy_8Lyws,WaveMusic,2017-10-27 18:14:45,2017-10-27 17:30:01
DJ Gollum vs. Basslovers United - Narcotic (DJ Gollum Video Edit),https://www.youtube.com/watch?v=ER6KXhOx6_I,Zooland.TV,2017-11-08 18:46:13,2017-11-08 18:30:00
Sub Zero Project - Playing With Fire (Official Video Clip),https://www.youtube.com/watch?v=P7DIg4t0GOA,Dirty Workz,2017-11-17 17:07:38,2017-11-17 16:02:49
Shadisha - Cant Get You Out Of My Head (Original Mix) | #SOUNDOFSOUL,https://www.youtube.com/watch?v=2Z7ter00F3k,Sound Of Soul,2017-11-18 20:05:27,2017-11-18 19:51:23
D-Block & S-te-Fan - God Is A DJ (#EVO044),https://www.youtube.com/watch?v=Q_Vc4vu6Vrs,Scantraxx,2017-11-24 14:30:37,2017-11-24 08:50:49
Nightcore - My Life (Jinpachi Futushimo Edit) [Bounce Bro feat. Destiny],https://www.youtube.com/watch?v=4bid2avUYxE,CLuBLioNx,2017-12-08 21:40:32,2017-12-08 21:35:34
Marasco & DJ Nessen feat. Giang Pham - Lighthouse,https://www.youtube.com/watch?v=I-4w_X4c-qg,Zooland.TV,2018-03-08 20:45:45,2018-03-08 20:22:27
「Nightcore」→ Whiteline Fever (Radio Mix) || Megastylez,https://www.youtube.com/watch?v=yNy8aIb5XhQ,NMusic,2018-03-16 16:11:50,2018-03-16 16:00:07
Nightcore - Infected (Lyrics),https://www.youtube.com/watch?v=Ncd4gKmZImw,Chino,2018-03-21 20:53:04,2018-03-21 19:32:19
「Nightcore」→ Kinder Des Mondes (Hands Up Remix) ✕,https://www.youtube.com/watch?v=_CScxfRYQcc,NightcoreBone,2018-03-25 17:34:41,2018-03-25 16:00:08
Blasterjaxx - 1 Second (Official Music Video),https://www.youtube.com/watch?v=RUuMAmyO5Ag,Spinnin' Records,2018-03-26 16:52:58,2018-03-26 15:00:02
Element Zero - Dance (Hardstyle) | HQ Videoclip,https://www.youtube.com/watch?v=xD4bR_h5yjc,HardstyleUp2Datez [HU2Dz],2018-04-12 16:10:15,2018-04-12 16:00:07
Illusion & Mindrockerz - Easy Come,https://www.youtube.com/watch?v=yz36toXElIY,HardstyleMUSIC™,2018-04-30 11:53:33,2018-04-30 09:45:37
Xoss - Oh My! (Hardstyle) | HQ Videoclip,https://www.youtube.com/watch?v=2neK7tm5cBE,HardstyleUp2Datez [HU2Dz],2018-04-30 16:13:13,2018-04-30 16:00:01
FAVRO - Live Your Dreams (Hardstyle) | HQ Videoclip,https://www.youtube.com/watch?v=0_zpaKOysiw,HardstyleUp2Datez [HU2Dz],2018-05-02 15:17:00,2018-05-02 15:00:00
Sefa - Wat Zullen We Drinken (Sefa ft. MC Focus Bootleg) [LIVE VERSION],https://www.youtube.com/watch?v=hbEXuM8Ia3o,Sefa,2018-05-03 20:05:25,2018-05-03 17:19:45
B-Freqz - The Eclipse | Official Video,https://www.youtube.com/watch?v=0o2HkCeyaN8,B-Front,2018-05-04 10:57:25,2018-05-04 10:00:00
ODK Vs Relakztek - Revolution (Frenchcore),https://www.youtube.com/watch?v=4uX6IEJ0UX4,Frenchcore Hardcore,2018-05-07 14:01:45,2018-05-07 13:36:34
D-Frek - Another Round (Frenchcore),https://www.youtube.com/watch?v=atbg1OfH8f0,Frenchcore Hardcore,2018-05-08 12:54:36,2018-05-08 12:45:02
QUINTINO & NERVO - Lost In You (Spirit Slammer Bootleg) [Free Release],https://www.youtube.com/watch?v=Cw_5HPpDr9U,EuphoricHardStyleZ,2018-05-09 20:11:02,2018-05-09 19:59:58
2 Brothers On The 4th Floor - Never Alone (Re-Style Remix) (Official Videoclip),https://www.youtube.com/watch?v=8yFLyrx1XZo,Re-Style,2018-05-10 18:18:47,2018-05-10 18:13:03
Lagency - Lost In Music,https://www.youtube.com/watch?v=xWY9W_zw3-4,HardstyleMUSIC™,2018-05-11 11:14:36,2018-05-11 11:05:41
SAVE TONIGHT | Remix with Lyrics,https://www.youtube.com/watch?v=wokUAnTotmA,Hands Up Anime,2018-05-11 13:57:41,2018-05-11 13:42:05
Smash - My Story (Official Video HD),https://www.youtube.com/watch?v=3mAHpKBuKMc,Kontor.TV,2018-05-11 14:50:00,2018-05-11 14:31:27
K-391 & Alan Walker - Ignite (feat. Julie Bergan & Seungri),https://www.youtube.com/watch?v=Az-mGR-CehY,K-391,2018-05-12 19:10:21,2018-05-12 07:29:58
French Tagada,https://www.youtube.com/watch?v=g_7sbDYJTpw,Nareku,2018-05-22 18:52:27,2018-05-22 16:09:11
"Headhunterz, Wildstylez & Noisecontrollers - No One Can Stop Us Now (Official Videoclip)",https://www.youtube.com/watch?v=2kAyR6sOyb4,Art of Creation,2018-05-22 18:39:44,2018-05-22 17:09:04
W&W & Darren Styles feat. Giin - Long Way Down (Official Music Video),https://www.youtube.com/watch?v=YzgWC8QD7jk,Armada Music TV,2018-05-23 15:13:56,2018-05-23 15:00:02
Sefa & Crypton - Lastig (Frenchcore Videoclip),https://www.youtube.com/watch?v=ICrjoBYplwI,Frenchcore Hardcore,2018-05-27 10:50:36,2018-05-27 10:36:10
Sefa - Calling (Frenchcore Videoclip),https://www.youtube.com/watch?v=7dY3jim6BNs,Frenchcore Hardcore,2018-05-28 13:01:41,2018-05-28 12:27:33
Manian - Welcome To The Club (RELOADED) (Official Video HD),https://www.youtube.com/watch?v=uxouPyGwg94,Zooland.TV,2018-05-28 20:46:18,2018-05-28 20:30:30
Sefa - Saudade (Frenchcore Videoclip),https://www.youtube.com/watch?v=h5B_iKVehes,Frenchcore Hardcore,2018-05-30 13:14:28,2018-05-30 12:45:00
HALIENE - Dream In Color (Official Music Video),https://www.youtube.com/watch?v=o70HaIPGFUo,WaveMusic,2018-05-30 17:05:41,2018-05-30 17:00:04
Dr Rude - SNPR (2018 Refixx) (Official Video),https://www.youtube.com/watch?v=hCNwhAhp-MM,Dirty Workz,2018-06-05 17:31:02,2018-06-05 16:49:22
Snavs & WiDE AWAKE - Turn Left (Official Lyric Video),https://www.youtube.com/watch?v=fGpP-BxfUHY,Spinnin' Records,2018-06-08 14:15:45,2018-06-08 12:00:04
Gunz for Hire ft. Nikki Milou - We Will Be Immortal (official videoclip),https://www.youtube.com/watch?v=eH3Oca-XT3Y,Gunz For Hire,2018-06-11 14:12:03,2018-06-11 13:04:09
Sefa & Hyrule War - Doomed (Frenchcore Videoclip),https://www.youtube.com/watch?v=3NYHwpK0UPk,Frenchcore Hardcore,2018-06-17 13:35:06,2018-06-17 13:09:55
PRDX - Tonight [Derailed Traxx],https://www.youtube.com/watch?v=yg7H5NHUago,Derailed Traxx,2018-06-18 18:15:04,2018-06-18 10:07:22
Dj T.c. - My Story (HQ Free),https://www.youtube.com/watch?v=eB1OCeP_4qE,HardTune Uploaderz [HTuZ],2018-06-19 08:55:08,2018-06-19 08:00:03
Endymion & Art of Fighters feat. Lilly Julian - A New Today (ANDY SVGE Remix),https://www.youtube.com/watch?v=LG1jxbYvLr4,Endymion,2018-06-19 17:17:48,2018-06-19 16:00:03
Markus Schulz ft. Emma Hewitt - Safe From Harm (In Between Bootleg) [Free Release],https://www.youtube.com/watch?v=PCArlIBj8XU,EuphoricHardStyleZ,2018-06-28 20:15:37,2018-06-28 20:12:56
Super8 & Tab feat. Hero Baldwin - Burn (Official Lyric Video),https://www.youtube.com/watch?v=-lHpCFvaGDM,Armada Music TV,2018-07-03 18:28:04,2018-07-03 17:00:01
RUBIKA - Lost In The Moment ft. Kat Adamou (Syntax Hardstyle Bootleg) | HQ Videoclip,https://www.youtube.com/watch?v=f-pY0VeBfd8,HardstyleUp2Datez [HU2Dz],2018-07-10 18:08:07,2018-07-10 17:00:03
Dr. Peacock & Sefa - Atlantico (Pain is Everywhere) (Official Video),https://www.youtube.com/watch?v=qDNxFOIWd-o,Dr. Peacock,2018-07-10 19:24:18,2018-07-10 18:56:04
Hypnose - One More Time,https://www.youtube.com/watch?v=dC7yafqG3JQ,Scantraxx,2018-07-11 18:06:31,2018-07-11 13:56:14
atmozfears Λ devin wild - POPO,https://www.youtube.com/watch?v=M0b1pG63WlY,ATMOZFEARS,2018-07-11 17:52:12,2018-07-11 15:56:53
Sefa & Dr. Peacock - The Human Mind (Official Video),https://www.youtube.com/watch?v=Z3IyCXpidBw,Dr. Peacock,2018-07-12 16:53:34,2018-07-12 15:58:59
Sprinky & Death Faction - Kryptonite (Official Video),https://www.youtube.com/watch?v=GLrTjuSBi2I,Peacock Records,2018-07-14 11:21:32,2018-07-14 11:12:52
B-Front & Phuture Noize - The Enigma | Preview,https://www.youtube.com/watch?v=9QaE6XT8VzY,B-Front,2018-07-16 11:32:59,2018-07-16 10:06:15
Access One - Jiiieehaaaa x BAM (Mash-Up),https://www.youtube.com/watch?v=r_CrEWigICo,Uptempo Hardcore,2018-07-16 19:40:31,2018-07-16 19:19:15
Beatfreak - Slick Talk (Dj Thera Remix),https://www.youtube.com/watch?v=LbJHzF_YJdM,Theracords,2018-07-18 10:09:26,2018-07-18 07:59:02
Dj T.c. Feat. Rubber Tunes - Tear In The Dark (Alternative Version) (HQ Free),https://www.youtube.com/watch?v=NfDWBdT6kZQ,HardTune Uploaderz [HTuZ],2018-07-18 10:03:29,2018-07-18 09:00:02
D-Block & S-te-Fan ft. MC Villain - Part of the hard,https://www.youtube.com/watch?v=b7LkqokhGe0,hard dance world,2018-07-18 10:36:14,2018-07-18 10:33:16
Sound Rush & Villain - One (Official Music Video),https://www.youtube.com/watch?v=NFpQLJO0RTc,Q-dance,2018-07-18 10:58:55,2018-07-18 10:56:21
VIRTUAL SELF - ANGEL VOICES (Official Audio),https://www.youtube.com/watch?v=hfPnq3i4Udw,Porter Robinson,2018-07-20 19:09:26,2018-07-20 18:55:24
Lucas & Steve - Home (Official Music Video),https://www.youtube.com/watch?v=dbOXVhaMPEs,Spinnin' Records,2018-07-20 19:05:56,2018-07-20 19:00:05
Husman - Rise Of The Mad King - Chapter 4 (Mad King),https://www.youtube.com/watch?v=43XcWLjm4L8,Armada Music TV,2018-07-21 13:01:32,2018-07-21 11:00:00
RVAGE & Level One - Moment Of Truth (Official Lyric Video),https://www.youtube.com/watch?v=DyOFaAe_Skw,Scantraxx,2018-07-24 15:29:29,2018-07-24 14:56:35
Endymion & MYST & Démira - Waiting For Treason,https://www.youtube.com/watch?v=zd4fEt5VMKs,Nightbreed,2018-07-27 17:01:21,2018-07-27 09:32:03
Headhunterz - The Sacrifice (Max Enforcer Remix),https://www.youtube.com/watch?v=fv7i3fOMaqk,Art of Creation,2018-07-30 15:54:36,2018-07-30 15:42:05
Shockwave - So Free,https://www.youtube.com/watch?v=fiiohvJ-FQ0,Scantraxx,2018-08-01 14:03:18,2018-08-01 13:48:50
Shockwave & Anklebreaker - Live Today,https://www.youtube.com/watch?v=5mhH8nQGkmQ,Scantraxx,2018-08-01 14:02:58,2018-08-01 13:49:42
Cultur Code - Heaven (Nick Novity Hardstyle Bootleg) | HQ Videoclip,https://www.youtube.com/watch?v=JpCHLVW9RQw,HardstyleUp2Datez [HU2Dz],2018-08-01 17:06:36,2018-08-01 17:00:04
Access One - Brutal Behaviour,https://www.youtube.com/watch?v=5RJTacktlD0,Dogfight Rec,2018-08-02 18:02:29,2018-08-02 18:00:01
Cheat Codes X DVBBS - I Love It (N3bula X Dark Rehab Bootleg) [Free Release],https://www.youtube.com/watch?v=_JSUDAbPkS8,EuphoricHardStyleZ,2018-08-03 18:46:55,2018-08-03 17:43:17
Darren G & Violate vs. Stu Infinity - Exploration Of Bass (Original Mix) [HHC] (Free Release),https://www.youtube.com/watch?v=7Smc06kBjy0,German Hardstyle Uploadz,2018-08-04 15:24:20,2018-08-04 14:25:02
Unicorn ft. KIA - Scar (YL Hardstyle Remix) | HQ Videoclip,https://www.youtube.com/watch?v=BYtoyeB1RE0,HardstyleUp2Datez [HU2Dz],2018-08-05 15:17:36,2018-08-05 15:00:01
Dr Phunk - SKRRR (Official Audio),https://www.youtube.com/watch?v=ib9_ummAFgA,Dirty Workz,2018-08-07 19:45:40,2018-08-07 16:52:59
Broken Element & LXCPR - Evolve (official videoclip),https://www.youtube.com/watch?v=_-LbAaaoffE,Scantraxx,2018-08-08 15:54:23,2018-08-08 13:54:21
Udex - Humanoid | Official Video,https://www.youtube.com/watch?v=TDvjf0A7XR4,Heart for Hard,2018-08-08 15:48:08,2018-08-08 14:38:59
Endymion - Pussy Motherfuckerz (Official Videoclip),https://www.youtube.com/watch?v=G_kOHzxIs5I,Endymion,2018-08-08 15:41:26,2018-08-08 15:00:05
Zatox - Hero ( Official Music Video ),https://www.youtube.com/watch?v=8lUvygoR9qY,Zatox,2018-08-08 18:45:43,2018-08-08 16:55:05
Partyraiser & Destructive Tendencies - Sound Becomes Two (Official Videoclip),https://www.youtube.com/watch?v=4Bn8GpV3HtQ,Masters of Hardcore,2018-08-08 18:43:38,2018-08-08 17:00:00
Hard Driver - No Rest For The Wicked (Official Video),https://www.youtube.com/watch?v=zbqo8RhflAI,Dirty Workz,2018-08-09 17:41:00,2018-08-09 16:53:10
Zany - Feel The Sun (Official 4K Video),https://www.youtube.com/watch?v=fQ2ZGwQvMkI,Zany,2018-08-10 13:16:48,2018-08-10 13:10:37
Ran-D - Hurricane (Official Videoclip),https://www.youtube.com/watch?v=65ARYmqvTBI,Ran-D,2018-08-13 09:57:34,2018-08-13 09:47:31
D-Block & S-te-Fan - Ghost Stories,https://www.youtube.com/watch?v=QAT9GPg2ES8,D-Block & S-te-Fan (DBSTF),2018-08-13 14:37:20,2018-08-13 12:42:59
D-Sturb & Warface - Drown (Official Videoclip),https://www.youtube.com/watch?v=ufNersdGCCo,D-Sturb,2018-08-14 14:02:39,2018-08-14 14:00:04
D-Charged ft. Elizsabeth - Calling (Official Videoclip),https://www.youtube.com/watch?v=ryb3Cr4XAG0,Scantraxx,2018-08-15 13:32:35,2018-08-15 12:49:03
Audiotricz - Enlightenment (Extended),https://www.youtube.com/watch?v=djN5uNlHBDQ,Hardstyle Zone Music,2018-08-17 11:56:45,2018-08-17 00:46:59
KELTEK - Valkyries (Official Video),https://www.youtube.com/watch?v=Zj_qML8CFsg,Q-dance,2018-08-17 11:59:16,2018-08-17 10:50:57
Wasted Penguinz x Adrenalize - This Is The One (Official Videoclip),https://www.youtube.com/watch?v=Loj8J8f5hYU,Wasted Penguinz,2018-08-17 15:57:14,2018-08-17 14:52:35
Tatanka - The Process,https://www.youtube.com/watch?v=kKZUcidNUG8,DJ Tatanka,2018-08-20 10:17:03,2018-08-20 09:15:01
NeoX vs The Empire - Hurricane,https://www.youtube.com/watch?v=eeSQJUMtD58,enzymeofficial,2018-08-20 15:49:53,2018-08-20 15:00:08
Wildstylez - Heartbeat,https://www.youtube.com/watch?v=gp5rxLrThYA,Art of Creation,2018-08-21 18:08:12,2018-08-21 16:34:33
Amentis - Revelation (Official Video Clip),https://www.youtube.com/watch?v=TXWISM6YYKc,Dirty Workz,2018-08-21 17:32:42,2018-08-21 16:46:32
Dj Thera - The Art Of Magic (Magic Festival 2018 Anthem),https://www.youtube.com/watch?v=llUW_qS2kzE,Theracords,2018-08-21 17:51:50,2018-08-21 17:25:29
Radical Redemption - Brutal 7.0 (HQ Official),https://www.youtube.com/watch?v=n-Y3s_IDzb4,RadicalRedemption,2018-08-22 18:27:51,2018-08-22 15:49:59
Level One - Take It's Course (Raw Destiny 2018 Anthem),https://www.youtube.com/watch?v=hE55N_SdsJc,Scantraxx Prospexx,2018-08-23 14:05:50,2018-08-23 14:00:04
Tweekacore - Ready 4 The Tweekend (Official Video),https://www.youtube.com/watch?v=V-GssmI9zx8,Dirty Workz,2018-08-23 16:55:46,2018-08-23 16:52:24
Neophyte & Zany feat. Alee & Diesel - Gas Erop! (Angernoizer Remix),https://www.youtube.com/watch?v=IHHE8ioicWc,Neophyte Records,2018-08-24 12:52:01,2018-08-24 12:37:59
JNXD - We Are Assassins (Official Video),https://www.youtube.com/watch?v=Wxg-dMvOedw,Dirty Workz,2018-08-24 16:33:31,2018-08-24 15:59:03
Sefa & Dr. Peacock - World Of The Dream (Official Video),https://www.youtube.com/watch?v=QGKhmxcMh3A,Dr. Peacock,2018-08-25 12:16:24,2018-08-25 11:19:59
Miss K8 - Out Of The Frame,https://www.youtube.com/watch?v=a6kx-sXAad0,Miss K8,2018-08-28 10:57:50,2018-08-28 10:00:00
Skull Demon - Voices From Heaven (Frenchcore Videoclip),https://www.youtube.com/watch?v=V81ip79Ezlo,Frenchcore Hardcore,2018-08-28 13:40:57,2018-08-28 13:29:06
Da Tweekaz - Back And Forth (Official Video Clip),https://www.youtube.com/watch?v=HIqA5EZNGn8,Dirty Workz,2018-08-29 17:44:18,2018-08-29 16:46:01
Sefa - In De Hemel (Official Video),https://www.youtube.com/watch?v=1IgtxOas6vc,Sefa,2018-08-30 14:12:47,2018-08-30 14:00:00
Degos & Re-Done & Endymion - Strike As Thunder,https://www.youtube.com/watch?v=bPwbi6vrUbo,Endymion,2018-08-30 18:13:54,2018-08-30 14:24:19
"Manian - Hold Me Tonight (Toneshifterz, Suae & Pulsar Remix) Official Video",https://www.youtube.com/watch?v=a4mDmg1j29w,Zooland.TV,2018-08-31 05:49:38,2018-08-31 05:22:02
Psyko Punkz - New Earth (Official Video),https://www.youtube.com/watch?v=zVlsLaAoXvQ,Q-dance,2018-09-03 16:39:50,2018-09-03 16:36:22
Digital Punk ft. Sabacca - Toxic (Official Videoclip),https://www.youtube.com/watch?v=hhbwTs7yptY,Scantraxx,2018-09-04 15:41:43,2018-09-04 15:05:11
AP Girl - Lame Shit (Free Release),https://www.youtube.com/watch?v=Feex6FKdpeI,Hard Recordzz,2018-09-05 13:11:23,2018-09-05 13:00:03
Destructive Tendencies & Bulletproof - Night Must Fall (Official Preview),https://www.youtube.com/watch?v=_KcOsK5PCwM,Masters of Hardcore,2018-09-05 13:09:35,2018-09-05 13:00:05
Phrantic - Time (Official Audio),https://www.youtube.com/watch?v=BcH4RCOm-sY,Dirty Workz,2018-09-05 17:29:59,2018-09-05 16:41:45
Code Black & Darren Styles - Sparks (Official Video),https://www.youtube.com/watch?v=aS4zmhQXJ_g,Code Black,2018-09-06 13:21:40,2018-09-06 09:51:23
D-Attack ft. Jonjo - Power Of The Gods (Official Videoclip),https://www.youtube.com/watch?v=-o3Cf2FE0DA,D-Attack,2018-09-06 15:43:55,2018-09-06 15:25:38
Ransom - Hit The Sky,https://www.youtube.com/watch?v=kwW0zqDw7s8,ROQ 'N ROLLA Music,2018-09-07 12:30:26,2018-09-07 08:00:07
The Pretty Reckless - Heaven Knows (Sghenny | Frenchcore Remix),https://www.youtube.com/watch?v=RMkOlJFN5YU,Frenchcore Hardcore,2018-09-09 11:17:27,2018-09-09 10:57:01
Men At Work - Down Under (Ex Infinium Hardstyle Bootleg) | HQ Videoclip,https://www.youtube.com/watch?v=m6s2SOSYVL0,HardstyleUp2Datez [HU2Dz],2018-09-09 11:15:45,2018-09-09 11:00:03
Erraticz ft. Daniel Thomas - Out Of Reasons [Free Release],https://www.youtube.com/watch?v=1YSiEyZ8sDs,EuphoricHardStyleZ,2018-09-09 13:53:17,2018-09-09 13:06:26
Hyperion - Forever,https://www.youtube.com/watch?v=WvJCzg6x5UE,Dutch Master Works,2018-09-10 14:11:59,2018-09-10 09:19:05
Ummet Ozcan x Coone x Villain - Trash Moment (Official Music Video),https://www.youtube.com/watch?v=_5bK3ABjg_s,Spinnin' Records,2018-09-11 12:19:59,2018-09-11 12:00:03
Reigin - Summer Shenanigans (Hardstyle),https://www.youtube.com/watch?v=PxgsQtEhNhY,Hardstyle Promotion,2018-09-12 16:55:29,2018-09-12 16:28:38
Devin Wild & KELTEK - In My Mind (Official Videoclip),https://www.youtube.com/watch?v=woMsIc2eAnQ,Scantraxx,2018-09-12 17:14:29,2018-09-12 16:59:37
DJ Mad Dog - Bust Your Chest,https://www.youtube.com/watch?v=ED9mB9Q_-B0,Dogfight Rec,2018-09-13 12:40:18,2018-09-13 10:17:44
DJ Mad Dog - Laughing Loud,https://www.youtube.com/watch?v=ezIQ0dIfNLU,Dogfight Rec,2018-09-13 12:39:56,2018-09-13 10:17:56
Mystical Mind & Crowd - To The One,https://www.youtube.com/watch?v=0R9eBpNJESw,Scantraxx Prospexx,2018-09-13 16:19:48,2018-09-13 14:00:00
Outsiders & Dutch Movement feat. Emy Perez - Cocaina,https://www.youtube.com/watch?v=eLJxbwv8AUw,ROQ 'N ROLLA Music,2018-09-14 12:59:34,2018-09-14 08:39:47
Waveleaderz - Find My Way Back (Hardstyle),https://www.youtube.com/watch?v=OW0T0yZeN9E,Hardstyle Promotion,2018-09-14 12:57:35,2018-09-14 09:27:58
Adaro Ft. Ellie - One More Time (OUT NOW),https://www.youtube.com/watch?v=57MUj0jPJMQ,Roughstate,2018-09-14 12:56:17,2018-09-14 10:00:00
Envine ft. Chad Kowal - Feeling Again (Official Videoclip),https://www.youtube.com/watch?v=vs8XCDupzqM,Scantraxx,2018-09-14 14:58:33,2018-09-14 14:43:57
Re-Style - Spring (Official Videoclip),https://www.youtube.com/watch?v=Nzdm96tolmw,Re-Style,2018-09-18 13:58:59,2018-09-18 13:46:23
Kit Hype - In My Head (Hardstyle) | HQ Videoclip,https://www.youtube.com/watch?v=1rbJ0eoRVt0,HardstyleUp2Datez [HU2Dz],2018-09-18 16:18:59,2018-09-18 16:00:00
Degos & Re-Done & Bass Chaserz & Crystal Mad - The Takeover,https://www.youtube.com/watch?v=mxdKDi5Pt6E,degosredone,2018-09-18 18:54:01,2018-09-18 17:07:42
W&W & Kizuna AI - Together,https://www.youtube.com/watch?v=OFhN367QXyo,ID-ID ELECTRO MUSICS 5.0,2018-09-18 18:50:39,2018-09-18 17:49:22
Bass Modulators - Limitless (Official Video),https://www.youtube.com/watch?v=yU3HSdEF-os,Spirit Of Hardstyle,2018-09-20 10:50:06,2018-09-20 10:00:13
Atmozfears & Demi Kanon ft. David Spekter - Yesterday (Official 4K Videoclip),https://www.youtube.com/watch?v=qz9j49CFyTU,Scantraxx,2018-09-20 15:22:14,2018-09-20 15:04:42
Digital Punk - Die Trying,https://www.youtube.com/watch?v=dVTn8e24iww,Scantraxx,2018-09-21 20:07:26,2018-09-21 18:02:32
Dr. Peacock - Fool,https://www.youtube.com/watch?v=-oU9UsMCW8o,Peacock Records,2018-09-24 13:47:50,2018-09-24 13:17:39
Radical Redemption - The Darkest Moment (Official Videoclip),https://www.youtube.com/watch?v=rRV1QtCe38o,RadicalRedemption,2018-09-26 14:48:07,2018-09-26 14:00:06
Koozah feat. Killer MC - Time to detonate - Traxtorm 0201 [Hardcore],https://www.youtube.com/watch?v=HWXklI53ufw,Traxtorm Records,2018-09-27 13:50:40,2018-09-27 07:45:54
Destructive Tendencies & Warface - Release The Kraken (Sefa Remix) (Official Videoclip),https://www.youtube.com/watch?v=v7FRYrol9hw,Masters of Hardcore,2018-09-27 11:25:50,2018-09-27 11:05:53
Alexez & Spectralizers - The Right Side (Hardstyle) | Official Lyric Videoclip,https://www.youtube.com/watch?v=qBNYPKjbWRs,HardstyleUp2Datez [HU2Dz],2018-09-28 16:52:47,2018-09-28 16:00:10
The Killers - Human (Dark Rehab Hardstyle Bootleg) | HQ Videoclip,https://www.youtube.com/watch?v=ByP3VJAtxo0,HardstyleUp2Datez [HU2Dz],2018-09-29 15:52:01,2018-09-29 15:00:00
DJ AniMe - So Cold,https://www.youtube.com/watch?v=ga8pDmvlm8A,DJ AniMe,2018-09-30 18:01:50,2018-09-30 14:00:07
Hyperion - Forever (Hardstyle) | HQ Videoclip,https://www.youtube.com/watch?v=86U9245f6BU,HardstyleUp2Datez [HU2Dz],2018-10-01 16:23:29,2018-10-01 16:00:00
Devin Wild & Psyko Punkz - Never Surrender (Official Videoclip),https://www.youtube.com/watch?v=aPQMOubqTkM,Scantraxx,2018-10-03 16:56:51,2018-10-03 16:45:00
Bass Modulators ft. Envy Monroe - Chemical (Official Videoclip),https://www.youtube.com/watch?v=OsHho-nFGOs,Scantraxx,2018-10-04 14:12:48,2018-10-04 13:45:00
Adaro - Flame Up High [official videoclip],https://www.youtube.com/watch?v=ZGT_IbXhiOc,Adaro,2018-10-04 14:08:40,2018-10-04 14:00:09
Manian - Welcome To The Club (Da Mayh3m Hardstyle Remix) | HQ Lyric Videoclip,https://www.youtube.com/watch?v=Dq43TrgM3aA,HardstyleUp2Datez [HU2Dz],2018-10-05 17:13:07,2018-10-05 16:00:01
W&W - Rave Culture (Official Video),https://www.youtube.com/watch?v=9M1Aly5jDTw,W&W,2018-10-08 14:14:15,2018-10-08 10:00:08
Fallen Superhero - Horror Night,https://www.youtube.com/watch?v=2LxH3RqMpCk,FallenSuperheroSG,2018-10-08 13:54:27,2018-10-08 13:10:40
Partyraiser & Furyan - We Just Dont Stop (Official video clip),https://www.youtube.com/watch?v=gIBeaKKg8Tk,Official Partyraiser,2018-10-10 13:08:19,2018-10-10 09:34:32
Illuminize - Reality,https://www.youtube.com/watch?v=_74Ef9aYOgs,Scantraxx Prospexx,2018-10-11 14:04:03,2018-10-11 14:00:02
Crystal Lake - Chosen Ones,https://www.youtube.com/watch?v=kYvt5hc01ys,Zooland.TV,2018-10-12 11:52:51,2018-10-12 09:00:10
Desm - Eclipse (Hardstyle) | HQ Videoclip,https://www.youtube.com/watch?v=MJcXI7xu2fo,HardstyleUp2Datez [HU2Dz],2018-10-13 16:46:32,2018-10-13 15:00:01
Jack of Sound - The Eternal Beginning (Official Video),https://www.youtube.com/watch?v=q4TzAz_8VuA,Scantraxx,2018-10-17 16:48:32,2018-10-17 16:30:00
D-Sturb & Sefa - Nothing Like The Oldschool,https://www.youtube.com/watch?v=MnH03XLqeRs,Sefa,2018-10-18 11:54:19,2018-10-18 11:00:03
Requiem - Only One (Official Videoclip),https://www.youtube.com/watch?v=67oWcneaGMU,Scantraxx,2018-10-18 14:29:50,2018-10-18 14:00:01
Project One - The Art of Creation (Sefa Remix) | Official Video,https://www.youtube.com/watch?v=StVvEFhiP0A,Q-dance,2018-10-20 15:18:19,2018-10-20 14:30:01
The Chainsmokers - Don't Let Me Down (Hozinotik | Frenchcore Remix),https://www.youtube.com/watch?v=1ws8qS2IEO4,Frenchcore Hardcore,2018-10-21 14:40:15,2018-10-21 11:45:00
Valido - Dusk and Dawn [Official Vizualizer],https://www.youtube.com/watch?v=IP6YlZt2Tiw,Theracords,2018-10-22 10:35:40,2018-10-22 10:20:16
Hyrule War - Magical Voice,https://www.youtube.com/watch?v=PKVhvPvbbNM,Nareku,2018-10-24 08:37:57,2018-10-24 08:36:36
Nick Skitz & Basslouder - In My Mind,https://www.youtube.com/watch?v=lhYXoOW785A,Zooland.TV,2018-10-25 09:53:48,2018-10-25 08:34:06
Radical Redemption & Nolz - Command & Conquer (Official Videoclip),https://www.youtube.com/watch?v=0Xq7bQwrlfU,RadicalRedemption,2018-10-25 12:04:56,2018-10-25 11:57:50
Enemy Contact - Earth In Me (Official Videoclip),https://www.youtube.com/watch?v=6UqA0TpxGt0,Scantraxx,2018-10-25 19:36:10,2018-10-25 17:00:01
Emphasis - Centre [NEXT051],https://www.youtube.com/watch?v=3bhl49ahdVk,Q-dance Music,2018-10-26 13:30:01,2018-10-26 13:00:29
High Sequencerz - Reverze (Hardstyle) | HQ Videoclip,https://www.youtube.com/watch?v=YSZCDKmm0zM,HardstyleUp2Datez [HU2Dz],2018-10-26 19:18:10,2018-10-26 17:00:03
Rejecta - Move My Body [Official Preview],https://www.youtube.com/watch?v=rBK5ETu8RKM,Rejecta,2018-10-29 10:47:39,2018-10-29 10:10:01
Skull Demon - Lost Melody,https://www.youtube.com/watch?v=ox3IjesrrXI,Nareku,2018-10-30 17:00:23,2018-10-30 11:51:51
Kronos ft. MC Coppa - The Future (Official Video),https://www.youtube.com/watch?v=XRtbH4MQyqY,Scantraxx,2018-10-30 16:30:01,2018-10-30 15:00:05
Radical Redemption & D-Sturb - Testarossa (Official Video),https://www.youtube.com/watch?v=HQhZnSkNndo,RadicalRedemption,2018-11-03 13:14:02,2018-11-03 11:00:03
Cellrock - Lake Of Pain,https://www.youtube.com/watch?v=Jw5fLz3Wp_k,Theracords,2018-11-04 15:31:56,2018-11-04 15:00:01
Mauro Picotto - Komodo (OsEraN Bootleg) (Hardstyle),https://www.youtube.com/watch?v=ArQ3RMLs1OE,Hardstyle Promotion,2018-11-08 16:26:50,2018-11-08 14:33:52
DJ Gollum feat. DJ Cap vs. Zoe VanWest - Dancefloor,https://www.youtube.com/watch?v=3yJkFX_qYMk,Zooland.TV,2018-11-09 14:19:28,2018-11-09 14:00:00
Rob GEE & Mr. Bassmeister - Paint it Black (Frenchcore),https://www.youtube.com/watch?v=d4kyiESjZoM,Frenchcore Hardcore,2018-11-11 16:04:08,2018-11-11 11:45:01
Adaro & B-Front ft. Dawnfire - Touch A Star | Official Video,https://www.youtube.com/watch?v=U4xJoUCcOJE,Q-dance,2018-11-12 14:55:56,2018-11-12 12:00:03
ATB - Ecstasy (Untraceable Bootleg),https://www.youtube.com/watch?v=OfO5NJBCp3E,Hardstyle Promotion,2018-11-12 19:39:12,2018-11-12 18:57:17
ColFearz - Love Is The Key (Hardstyle) | HQ Videoclip,https://www.youtube.com/watch?v=8b2sUGwBbRE,HardstyleUp2Datez [HU2Dz],2018-11-12 19:37:34,2018-11-12 19:00:01
Basslovers United & Grrtz - Light Up The Night (Hands Up Edit),https://www.youtube.com/watch?v=DkkhYwacW9c,Zooland.TV,2018-11-12 20:13:14,2018-11-12 20:03:29
Hard Driver ft. Szen - Get It Started (Official Audio),https://www.youtube.com/watch?v=RYmWTrgbnJ4,Dirty Workz,2018-11-13 19:52:33,2018-11-13 17:47:25
Jebroer & Dr Phunk - Leben Nach Dem Tod (Official Video HD),https://www.youtube.com/watch?v=TVyBL9UH2Os,Kontor.TV,2018-11-14 14:32:36,2018-11-14 14:11:09
Warface ft. Sovereign King - We All Live For This (Official anthem),https://www.youtube.com/watch?v=r86kjg7Cdg8,Art of Dance,2018-11-14 16:11:34,2018-11-14 16:00:11
Psyko Punkz & KELTEK - The Apex (Official Video Clip),https://www.youtube.com/watch?v=cI2CsaYin74,Dirty Workz,2018-11-14 17:57:02,2018-11-14 17:43:37
Paris Blohm feat. Paul Aiden - Alive,https://www.youtube.com/watch?v=-GGJLcVZHG8,Revealed Music,2018-11-16 16:49:56,2018-11-16 16:00:00
B2A & Anklebreaker - Enlightened (Hardstyle) | Official Videoclip,https://www.youtube.com/watch?v=xdMqsToHbBk,HardstyleUp2Datez [HU2Dz],2018-11-16 19:37:21,2018-11-16 18:58:24
Lunatics - Lost City (Hardstyle) | HQ Videoclip,https://www.youtube.com/watch?v=POFsby5yayk,HardstyleUp2Datez [HU2Dz],2018-11-17 16:36:00,2018-11-17 16:00:02
Miss Hysteria -  Unlock The Gate,https://www.youtube.com/watch?v=YqT1PCO4eGc,enzymeofficial,2018-11-19 17:24:31,2018-11-19 17:00:03
Dr. Peacock & The Sickest Squad - Lose Your Mind (Official Video),https://www.youtube.com/watch?v=-0l4lA7JANI,Dr. Peacock,2018-11-19 17:03:16,2018-11-19 17:00:38
Frequencerz - Mindbenders (Stealth Mode),https://www.youtube.com/watch?v=b96ALqNWwuw,Frequencerz,2018-11-21 15:39:51,2018-11-21 13:52:48
Rebourne - Still Here,https://www.youtube.com/watch?v=5W_3w8KWHmQ,WE R Music,2018-11-22 14:46:18,2018-11-22 14:30:00
Sub Sonik - Dance With The Devil,https://www.youtube.com/watch?v=P0U00JMmg-o,Sub Sonik,2018-11-22 17:25:39,2018-11-22 15:51:53
Phrantic - Break The Silence (Official Video Clip),https://www.youtube.com/watch?v=sD-OebPsG5o,Dirty Workz,2018-11-22 19:34:43,2018-11-22 17:56:41
Atmozfears & Devin Wild ft. David Spekter - Breathe (Official 4K Videoclip),https://www.youtube.com/watch?v=sNVOoBdaWvY,Scantraxx,2018-11-22 19:50:53,2018-11-22 17:58:26
Endymion - Rebels At Night | Official Video,https://www.youtube.com/watch?v=BstuLX3b8DE,Q-dance,2018-11-23 13:15:28,2018-11-23 13:00:02
D-Block & S-te-Fan - Gave U My Love,https://www.youtube.com/watch?v=einxirKWhiM,D-Block & S-te-Fan (DBSTF),2018-11-23 18:01:49,2018-11-23 15:08:46
Martin Garrix & Dua Lipa - Scared To Be Lonely (Akidaraz Bootleg) (Hardstyle),https://www.youtube.com/watch?v=IrDkF7g0V_4,Hardstyle Promotion,2018-11-24 21:02:10,2018-11-24 20:00:01
Eternize - Who Are You,https://www.youtube.com/watch?v=434P0fExErY,Eternize,2018-11-25 17:29:43,2018-11-25 16:07:15
PRDX - Lighting Fires [Derailed Traxx],https://www.youtube.com/watch?v=eI92rP3E6wE,Derailed Traxx,2018-11-26 10:51:37,2018-11-26 09:57:49
Blasco ft. Elizsabeth - Stars (Official Video Clip),https://www.youtube.com/watch?v=f-grR39oZkk,Dirty Workz,2018-11-26 17:53:47,2018-11-26 17:45:00
Frontliner - Silence (Official Preview),https://www.youtube.com/watch?v=L6Mqb4Qci_8,Frontliner,2018-11-26 19:51:52,2018-11-26 18:58:32
The Pitcher ft. Sam LeMay - Music In Me (Official Video),https://www.youtube.com/watch?v=R4xrlW40lfA,The Pitcher,2018-11-29 15:16:40,2018-11-29 14:45:01
Master Blaster & Norda - Now You're Gone,https://www.youtube.com/watch?v=eQIxhE-T9-k,Zooland.TV,2018-11-30 11:09:15,2018-11-30 11:00:10
Jonski - Nocturnal (Frenchcore),https://www.youtube.com/watch?v=dmJNa3TaGDc,Frenchcore Hardcore,2018-11-30 14:07:38,2018-11-30 14:00:07
Retrospect - Take You There (Official Videoclip),https://www.youtube.com/watch?v=tDssIX0dRNo,Scantraxx,2018-11-30 19:05:15,2018-11-30 16:00:06
GVBBZ -  What It's All About (MasterBasCut) (Hardstyle),https://www.youtube.com/watch?v=I7kP948kNYA,Hardstyle Promotion,2018-11-30 18:47:55,2018-11-30 17:00:03
Gunz For Hire - Sicknezz (official videoclip),https://www.youtube.com/watch?v=yqShANT-szs,Gunz For Hire,2018-12-03 14:56:41,2018-12-03 13:00:07
MYST - Where I Shine (Official Audio),https://www.youtube.com/watch?v=vDnGqttcuP8,MYST,2018-12-03 14:49:58,2018-12-03 13:58:22
BLXW x ilMago - I Will Survive Remix (Hardstyle),https://www.youtube.com/watch?v=A5eZEwNkyBM,Hardstyle Promotion,2018-12-03 19:08:12,2018-12-03 17:00:01
Hands Up Freaks - This Dream Is Over,https://www.youtube.com/watch?v=WC4Tn7OKHdw,Zooland.TV,2018-12-05 13:50:03,2018-12-05 11:06:27
Low-E & Zero Sanity - The Hunt,https://www.youtube.com/watch?v=YGbHXxgA7P8,Derailed Traxx,2018-12-06 14:05:07,2018-12-06 08:49:47
Ran-D - Nirvana (Official Videoclip),https://www.youtube.com/watch?v=XF45J-Gd9tQ,Ran-D,2018-12-06 13:20:40,2018-12-06 11:00:04
Phuture Noize - Hyperspace | Official Video,https://www.youtube.com/watch?v=qfefLsx-7WI,Q-dance,2018-12-06 13:34:06,2018-12-06 12:00:06
Phuture Noize - Edge of Glory | Official Video,https://www.youtube.com/watch?v=zelWdDJjavE,Q-dance,2018-12-06 13:31:45,2018-12-06 12:00:08
Galactixx ft. Weldon - Stronger In The End (Official 4K Videoclip),https://www.youtube.com/watch?v=ArGB-nLKYy4,Galactixx,2018-12-06 14:00:54,2018-12-06 13:47:50
The Prophet & Sub Sonik - No Stopping Us! (Official 4k Videoclip),https://www.youtube.com/watch?v=Tga-qtRZwcE,Scantraxx,2018-12-06 19:32:17,2018-12-06 18:00:03
Christina Novelli & Attila Syah - This Is The Sound (Official Lyric Video),https://www.youtube.com/watch?v=nVB6xOvkTL4,2Dutch Music Group,2018-12-07 11:50:54,2018-12-07 09:27:36
Hardcharger vs. Aurora & Toxic - U,https://www.youtube.com/watch?v=10YvcdxUrAA,Zooland.TV,2018-12-07 11:48:36,2018-12-07 10:29:09
Rawframez - I'm A Playa (Raw Hardstyle) | Videoclip,https://www.youtube.com/watch?v=VnuIqS6ZkEU,HardstyleUp2Datez [HU2Dz],2018-12-09 17:22:57,2018-12-09 16:00:01
Dr. Peacock & Mr. Ivex – Forgotten Souls (Official Video),https://www.youtube.com/watch?v=Oe2pxnb6yVI,Dr. Peacock,2018-12-10 21:29:13,2018-12-10 20:47:33
Dr. Peacock & Andy The Core - We Control You (Official Video),https://www.youtube.com/watch?v=PTW-MWuQFX8,Dr. Peacock,2018-12-11 17:09:55,2018-12-11 17:09:02
Hard Driver - Thank Me Later (Official Audio),https://www.youtube.com/watch?v=Yotg9xlPTO0,Dirty Workz,2018-12-11 19:49:51,2018-12-11 17:49:30
Outsiders feat. MC GEE - W.A.F.O.,https://www.youtube.com/watch?v=Gn61_yxHIoI,ROQ 'N ROLLA Music,2018-12-12 14:52:36,2018-12-12 09:10:05
Hypnose - Insomnia (Official Videoclip),https://www.youtube.com/watch?v=db8OVJ1NxIc,Scantraxx,2018-12-12 14:47:52,2018-12-12 14:00:07
DJ Gollum feat. DJ Cap - Don't Look Back,https://www.youtube.com/watch?v=FcyRCHyCGRE,Zooland.TV,2018-12-13 16:31:26,2018-12-13 15:00:04
Nosferatu & Never Surrender - We Run This Shit,https://www.youtube.com/watch?v=vbchkSc1KoM,Neophyte Records,2018-12-13 16:31:06,2018-12-13 15:00:06
Rät N FrikK & Billy The Kit - Zero Fucks Given (Lyric Video),https://www.youtube.com/watch?v=KjSdjEaNOlI,ROQ 'N ROLLA Music,2018-12-14 12:50:31,2018-12-14 09:00:36
Gareth Emery & Emma Hewitt - Take Everything,https://www.youtube.com/watch?v=k9CgRWKE8cs,Armada Music TV,2018-12-14 13:41:50,2018-12-14 12:00:05
Crystal Lake - Message From Space (Official Video),https://www.youtube.com/watch?v=8eMoYcKn2jQ,Crystal Lake,2018-12-14 15:06:30,2018-12-14 14:24:41
Juliëx - Pump It Up,https://www.youtube.com/watch?v=3FBSy2rzTP4,Uptempo Hardcore,2018-12-14 18:34:29,2018-12-14 17:27:04
Juliëx - Bodies To Be Buried,https://www.youtube.com/watch?v=KYah7BOiU8U,Uptempo Hardcore,2018-12-14 18:34:15,2018-12-14 17:27:28
Juliëx & Sjammienators - Ease My Mind,https://www.youtube.com/watch?v=oNQt-sjrezA,Uptempo Hardcore,2018-12-14 18:33:58,2018-12-14 17:28:16
Hardwell & Kaaze ft. Loren Allred - This Is Love (Strekzz Hardstyle Bootleg),https://www.youtube.com/watch?v=lNs3VSj2LQo,Hard Recordzz,2018-12-14 18:33:32,2018-12-14 17:33:26
Nosferatu & Sefa - Killer Beat,https://www.youtube.com/watch?v=s9i0Ms3dNzc,Neophyte Records,2018-12-17 16:26:31,2018-12-17 16:13:15
Deepack - Fly Away (Official Audio),https://www.youtube.com/watch?v=B5eLlw7trzc,Dirty Workz,2018-12-17 18:07:08,2018-12-17 18:00:01
Dr. Peacock & Ohmboy - Trip to the Wild West (The Mastery & Serum Remix) (Official Video),https://www.youtube.com/watch?v=xdk68bBI1kM,Dr. Peacock,2018-12-17 18:43:26,2018-12-17 18:03:34
Exproz - Make It Happen (PREMIERE) (MELODIC RAW) [MONKEY TEMPO],https://www.youtube.com/watch?v=BgLF1oJSIMc,RAW MONKEY,2018-12-17 18:15:16,2018-12-17 18:05:34
Wasted Penguinz - Wide Awake (Official Audio),https://www.youtube.com/watch?v=PXJHY34Ecsg,Dirty Workz,2018-12-18 17:31:34,2018-12-18 15:00:06
Wasback & Maeva Carter - Fatal (feat. Drew Ryn) [Official Lyric Video],https://www.youtube.com/watch?v=qnhsWoUF-Do,Spinnin' Records,2018-12-18 17:25:01,2018-12-18 16:00:05
Jeipster - Unknown Experiments (Hardstyle) | HQ Videoclip,https://www.youtube.com/watch?v=cFVSYtheNuw,HardstyleUp2Datez [HU2Dz],2018-12-18 17:22:45,2018-12-18 17:00:04
Deepack - Other Half Of Me (Official Audio),https://www.youtube.com/watch?v=RDATza5vVJ4,Dirty Workz,2018-12-19 19:53:42,2018-12-19 18:00:02
Funkomaticz - Connected,https://www.youtube.com/watch?v=lbsIImxP_WQ,Derailed Traxx,2018-12-20 10:39:20,2018-12-20 08:28:00
Wasted Penguinz - Simulation (Official Audio),https://www.youtube.com/watch?v=Ju2TVuOExIw,Dirty Workz,2018-12-20 17:11:03,2018-12-20 15:00:04
Bass Modulators ft. Bram Boender - Who Wants To Live Forever (Official Video),https://www.youtube.com/watch?v=EAODPyXegAY,Q-dance,2018-12-21 13:14:19,2018-12-21 12:00:01
Thyron & Physika  - Time Of Your Life [GBD255],https://www.youtube.com/watch?v=w8Mb1ZWa2fw,Gearbox Digital,2018-12-21 15:05:57,2018-12-21 13:36:00
Just Be 2.0 - Technikore feat Emi,https://www.youtube.com/watch?v=YAFeJqJuNqA,Desuvi Music,2018-12-21 15:20:12,2018-12-21 14:55:30
Deepack - Be Alright (Official Audio),https://www.youtube.com/watch?v=Y25gE33tds0,Dirty Workz,2018-12-21 17:46:09,2018-12-21 17:00:04
Anything - Alaguan,https://www.youtube.com/watch?v=lYD4FzgcE3Q,Desuvi Music,2018-12-22 19:29:04,2018-12-22 18:30:01
Empyre One - Dangerous (Cherry Inc. vs. Black Noize Remix),https://www.youtube.com/watch?v=ghlbGScQKWY,Zooland.TV,2018-12-24 08:49:34,2018-12-24 08:41:49
Darude - Sandstorm (Sub Sonik 2018 Remix),https://www.youtube.com/watch?v=XQS5qLkHH7g,Sub Sonik,2018-12-24 14:30:02,2018-12-24 13:15:41
Wasted Penguinz - Stranger Things (Official Audio),https://www.youtube.com/watch?v=C6n5bEOAEyw,Dirty Workz,2018-12-24 16:43:32,2018-12-24 15:00:00
Angerfist  - Critter (Official Video),https://www.youtube.com/watch?v=-Y3BiQF8xDg,Angerfist,2018-12-26 16:15:34,2018-12-26 15:58:15
Sound Rush - House Music,https://www.youtube.com/watch?v=UuSmEjXisV8,Sound Rush,2018-12-28 18:45:38,2018-12-28 17:44:54
Deepack - Scars (Official Audio),https://www.youtube.com/watch?v=x_dZU7SVK9o,Dirty Workz,2019-01-02 18:08:53,2019-01-02 18:00:10
DJ Gollum - I'm A Passenger (Godlike Music Port Remix),https://www.youtube.com/watch?v=R2RqlbvAZh4,Zooland.TV,2019-01-03 10:16:15,2019-01-03 09:52:39
Skip Marley - Lions (Gunz for Hire Bootleg) [FREE DOWNLOAD],https://www.youtube.com/watch?v=vLD-DSXvZaE,Gunz For Hire,2019-01-03 12:34:48,2019-01-03 11:57:47
Elysiums - Never Let Go [GBE070],https://www.youtube.com/watch?v=J7mkU0cJvmU,Gearbox Digital,2019-01-03 18:09:05,2019-01-03 17:28:41
D-Sturb & High Voltage - Universe (Official Videoclip),https://www.youtube.com/watch?v=x2m2Jy8_424,D-Sturb,2019-01-03 18:08:11,2019-01-03 17:56:12
Deepack - Time Travellers (Official Audio),https://www.youtube.com/watch?v=ATbDlSrCkQU,Dirty Workz,2019-01-04 16:13:53,2019-01-04 13:00:02
Sound Rush - Take It All,https://www.youtube.com/watch?v=B2DH7wkzhno,Art of Creation,2019-01-07 15:55:05,2019-01-07 15:11:41
Artifact - Aftermath (Official Videoclip),https://www.youtube.com/watch?v=0UjrpFv-GKI,End of Line Recordings,2019-01-08 14:21:26,2019-01-08 14:00:01
Serenity & Spyer feat. Tevin - Rokk The Floor,https://www.youtube.com/watch?v=3Pu1J2VJjlg,Zooland.TV,2019-01-09 13:06:10,2019-01-09 11:00:00
Assazin - Wanted Man (PREMIERE) (XTRA RAW) [MONKEY TEMPO],https://www.youtube.com/watch?v=Ptw4uWf-u-A,RAW MONKEY,2019-01-09 18:18:50,2019-01-09 17:25:36
Dougal x Mike Reverie - Supercharged (Official Audio),https://www.youtube.com/watch?v=HIaM06YkTQg,Dirty Workz,2019-01-09 18:35:01,2019-01-09 17:47:59
Abel Romez - Wasted (Basslouder Remix Video Edit),https://www.youtube.com/watch?v=dNI28fWlxkc,Hands Up Generation,2019-01-09 19:26:58,2019-01-09 18:15:09
Stormerz - We Are The Universe [HQ Edit],https://www.youtube.com/watch?v=WI2Rh-WN16U,EuphoricHardStyleZ,2019-01-09 19:26:25,2019-01-09 18:35:51
Caine & Deimos - Together (Caine 2018 Remix) (OFFICIAL CLIP),https://www.youtube.com/watch?v=suGNUtiZqrE,CaineHardstyle,2019-01-10 17:29:34,2019-01-10 16:44:00
B2A & Anklebreaker - When I Held Ya ft. Julia Westlin (Hardstyle) | Official Videoclip,https://www.youtube.com/watch?v=EfWARXtInhw,HardstyleUp2Datez [HU2Dz],2019-01-11 19:54:09,2019-01-11 16:58:16
Alyon Feat Ruffian & Lytbryt - Move On (Official Video) (Hardstyle),https://www.youtube.com/watch?v=8f3rr0C3Rns,Hardstyle Promotion,2019-01-11 19:49:19,2019-01-11 17:30:46
Nick Novity - Time Flies,https://www.youtube.com/watch?v=SCcqiULq5ms,Scantraxx Prospexx,2019-01-17 16:02:16,2019-01-17 15:00:05
Reigin - Dreaming (Oldschool Hardstyle) | Official Music Videoclip,https://www.youtube.com/watch?v=yulJ35Vnl7w,HardstyleUp2Datez [HU2Dz],2019-01-18 18:12:55,2019-01-18 16:57:45
Partyraiser & Dr. Peacock - Operation: Core (Official Anthem),https://www.youtube.com/watch?v=N-RlG7l5ris,Dr. Peacock,2019-01-18 18:31:54,2019-01-18 17:31:02
Helix & Hardstyle Pianist feat.  Elyn - Liberty [Fusion 399],https://www.youtube.com/watch?v=9RAfjr9hIuU,Fusion Records,2019-01-18 19:46:39,2019-01-18 19:24:41
HardBeast - i Will love You 2k19 (Hardstyle),https://www.youtube.com/watch?v=AvYjT9iR4VY,Hardstyle Promotion,2019-01-19 20:48:32,2019-01-19 20:04:23
The Hitmen - Like I Love You (Jinpachi Futushimo Bootleg),https://www.youtube.com/watch?v=o0ldEazPiAk,JinpachiFutushimo,2019-01-22 16:15:42,2019-01-22 11:04:44
Ecstatic - Lullaby (Official Audio),https://www.youtube.com/watch?v=9wtZ7Mc_X20,Dirty Workz,2019-01-23 17:28:11,2019-01-23 15:00:04
Miss K8 - Up In Smoke,https://www.youtube.com/watch?v=oBJijfLsTgc,Miss K8,2019-01-23 17:27:43,2019-01-23 15:57:47
Bright Visions - Two Clips (Hardstyle) | HQ Videoclip,https://www.youtube.com/watch?v=qH_5uVtGO3w,HardstyleUp2Datez [HU2Dz],2019-01-23 20:03:48,2019-01-23 16:28:11
Miss K8 - The Poison (N-Vitral Remix),https://www.youtube.com/watch?v=KlV8JV-hJDA,Miss K8,2019-01-23 19:42:20,2019-01-23 17:57:46
RVAGE - The Endless (Official Videoclip),https://www.youtube.com/watch?v=DKDGZTyqgy8,Scantraxx,2019-01-23 19:49:36,2019-01-23 17:58:45
Tronix DJ - Every Night,https://www.youtube.com/watch?v=cSwA5ExuVPU,Zooland.TV,2019-01-26 16:42:50,2019-01-26 15:00:05
Dr. Rude & Alee - It's On (Official Video),https://www.youtube.com/watch?v=IwTY1rf92Tw,Dirty Workz,2019-01-30 19:18:24,2019-01-30 18:00:02
Sub Zero Project ft. Christina Novelli - The Contagion (Official Video),https://www.youtube.com/watch?v=Hu0cRyUwMfI,Dirty Workz,2019-01-31 19:41:38,2019-01-31 17:50:13
Adrenalize - Groove Right Now,https://www.youtube.com/watch?v=mio88M33kwI,Scantraxx,2019-01-31 19:40:38,2019-01-31 18:00:05
TCM - Escape (Hardstyle) | Official Videoclip,https://www.youtube.com/watch?v=gWbyZdnK4jg,HardstyleUp2Datez [HU2Dz],2019-02-01 17:56:03,2019-02-01 16:57:43
Gigi DAgostino - LAmour Toujours (Antergy Bootleg) (Hardstyle),https://www.youtube.com/watch?v=990H0FXLheE,Hardstyle Promotion,2019-02-01 18:00:53,2019-02-01 17:00:01
Refuzion - You & I (Official Video),https://www.youtube.com/watch?v=Yt5XsvhWcNM,Dirty Workz,2019-02-04 20:06:51,2019-02-04 17:52:55
Degos & Re-Done - Blinded (Official Videoclip),https://www.youtube.com/watch?v=wiLQfN1VkkA,degosredone,2019-02-07 20:52:04,2019-02-07 18:25:15
DJ Mad Dog & Tha Playah - Embrace The Fire,https://www.youtube.com/watch?v=YTFiCgbs-Xs,Tha Playah,2019-02-07 20:40:30,2019-02-07 20:32:22
SweClubberz - Burst of Light (Hardstyle) | HQ Videoclip,https://www.youtube.com/watch?v=SKcSsaI4qxU,HardstyleUp2Datez [HU2Dz],2019-02-08 18:44:26,2019-02-08 16:58:47
Training to be Soldiers (2019 Hardstyle Edit),https://www.youtube.com/watch?v=64soaLIvEMA,FallenSuperheroSG,2019-02-09 09:52:23,2019-02-09 08:28:37
Rival x Cadmium - Thinking About You Ft. Johnning (Stylar Hardstyle Bootleg) | HQ Videoclip,https://www.youtube.com/watch?v=HJC5iTxahHI,HardstyleUp2Datez [HU2Dz],2019-02-09 14:18:44,2019-02-09 14:00:01
Robin Schulz ft  Erika Sirola - Speechless (PRDX Bootleg) (Hardstyle),https://www.youtube.com/watch?v=MpR8aoxYXL8,Hardstyle Promotion,2019-02-11 19:27:29,2019-02-11 17:00:04
Zatox - Animals (Official VideoClip),https://www.youtube.com/watch?v=eTn6z-T1uLM,Zatox,2019-02-12 17:17:47,2019-02-12 16:58:44
Beachbag – Set It Off (Official Video HD),https://www.youtube.com/watch?v=t4CYjk2gAs0,Kontor.TV,2019-02-15 15:10:54,2019-02-15 14:11:28
Sjammienators & Barber - The Opera (Video Clip),https://www.youtube.com/watch?v=BT5e2c27dac,Ash Williams,2019-02-17 08:32:15,2019-02-17 05:58:13
Tweekacore ft. Emelie Cyréus - Parallel Universe (Official Video),https://www.youtube.com/watch?v=MzUr8R9ozeU,Dirty Workz,2019-02-20 20:13:50,2019-02-20 17:50:50
Envine ft. Nino Lucarelli - We Are Forever (Official Videoclip),https://www.youtube.com/watch?v=Tns8QQca6jE,Scantraxx,2019-02-20 20:11:06,2019-02-20 18:00:01
Ti-Mo - Stay (Da Tweekaz Remix) (Official Video),https://www.youtube.com/watch?v=sd-KE4lW7J4,Da Tweekaz,2019-02-22 16:45:07,2019-02-22 10:59:58
Groove Coverage - Million Tears (Fallen Superhero Hardstyle Bootleg),https://www.youtube.com/watch?v=HgmhYPGq-AI,FallenSuperheroSG,2019-02-24 09:43:53,2019-02-24 05:37:17
Sghenny - Let Me Now (Frenchcore),https://www.youtube.com/watch?v=bEtyYi-soSc,Frenchcore Hardcore,2019-02-24 20:07:53,2019-02-24 18:39:37
Never Surrender - Smashing,https://www.youtube.com/watch?v=X_aQhfgWiUw,Neophyte Records,2019-02-28 11:22:25,2019-02-28 11:00:05
Ruelle - Up In Flames (D-Attack Hardstyle Bootleg) | HQ Lyric Videoclip,https://www.youtube.com/watch?v=O3iDAXmrRjE,HardstyleUp2Datez [HU2Dz],2019-02-28 18:56:18,2019-02-28 17:00:02
W&W ft. Kizuna AI - The Light (Official Music Video),https://www.youtube.com/watch?v=YtU_sb4jYE8,W&W,2019-03-01 12:36:00,2019-03-01 10:57:46
Anjulie - God Complex (Official Music Video),https://www.youtube.com/watch?v=xnJ9j6lC6Bo,Spinnin' Records,2019-03-01 13:22:07,2019-03-01 13:00:14
Hard Driver ft. Dani Omega - Till The End (Official Video),https://www.youtube.com/watch?v=ReOZ7AJSS4E,Dirty Workz,2019-03-01 15:26:33,2019-03-01 14:59:40
Crystal Lake - Voyage of the Galaxies (Official Audio),https://www.youtube.com/watch?v=hgCGNgYPoA4,Crystal Lake,2019-03-06 16:19:27,2019-03-06 15:01:35
Imperialite - Fulfilling Life (Hardstyle) | HQ Videoclip,https://www.youtube.com/watch?v=Qg_icLLkKTQ,HardstyleUp2Datez [HU2Dz],2019-03-13 17:19:13,2019-03-13 17:00:05
Headhunterz - Oxygen (Official Videoclip),https://www.youtube.com/watch?v=uvcqfXfRqvQ,Art of Creation,2019-03-14 17:19:53,2019-03-14 17:09:48
Sephyx - Creation Of A Universe (Official Audio),https://www.youtube.com/watch?v=ra8cpFDYXcA,Dirty Workz,2019-03-14 20:12:33,2019-03-14 18:14:03
Harris & Ford - Drop Me Amadeus (Hardstyle),https://www.youtube.com/watch?v=5LgUJk8pBzc,Harris & Ford,2019-03-15 12:12:46,2019-03-15 10:58:43
Armin van Buuren - Turn It Up (Official Lyric Video),https://www.youtube.com/watch?v=kivuDS-6HbQ,Armin van Buuren,2019-03-15 16:35:20,2019-03-15 16:00:04
Demoxx ft. Sehya - Feeling The Love (Hardstyle) | HQ Videoclip,https://www.youtube.com/watch?v=OERzz99OotI,HardstyleUp2Datez [HU2Dz],2019-03-17 14:10:26,2019-03-17 14:00:02
Prefix & Density - Grey Clouds (OUT NOW),https://www.youtube.com/watch?v=ARrFNDtWR7Y,Roughstate,2019-03-21 14:04:23,2019-03-21 10:30:00
Wildstylez & D-Block & S-te-Fan - Wolves Cry (Official Videoclip),https://www.youtube.com/watch?v=sxANklnbs7w,Art of Creation,2019-03-21 15:32:59,2019-03-21 15:00:07
Sephyx - Transmission (Official Audio),https://www.youtube.com/watch?v=JKxDPYQph7k,Dirty Workz,2019-03-21 15:48:40,2019-03-21 15:31:03
Jack of Sound - Afterlife (Official Audio),https://www.youtube.com/watch?v=7eymO-UcPf4,Scantraxx,2019-03-21 16:43:58,2019-03-21 16:00:01
Dynoro & Gigi D'agostino - In My Mind (Jinpachi Futushimo Bootleg),https://www.youtube.com/watch?v=1_UlYMSIe48,JinpachiFutushimo,2019-03-23 13:33:30,2019-03-23 13:13:17
Hardwell & Mike Williams - I'm Not Sorry (Official Video HD),https://www.youtube.com/watch?v=oqkTOxwHu00,Kontor.TV,2019-03-27 13:36:58,2019-03-27 13:12:14
The Pitcher ft. Sam LeMay - Legends,https://www.youtube.com/watch?v=TUcsaEQPn4g,The Pitcher,2019-03-28 16:24:53,2019-03-28 11:00:10
Brennan Heart ft. Mattanja Joy Bradley - Need To Feel (Official Videoclip),https://www.youtube.com/watch?v=y7lLO_tKw2I,I AM HARDSTYLE,2019-03-28 16:30:38,2019-03-28 16:24:23
Bass Chaserz feat. Evelien van Buren - Dusk Till Dawn,https://www.youtube.com/watch?v=SW_JwJrvNiQ,Nightbreed,2019-03-29 12:17:28,2019-03-29 11:00:04
W&W - The Light Ft. Kizuna Al (ZProject Bootleg) (Hardstyle),https://www.youtube.com/watch?v=VPKtDQXgHaI,Hardstyle Promotion,2019-03-29 18:59:01,2019-03-29 18:41:20
Re-Style x Broken Minds x Alee - Annihilation (Official Videoclip),https://www.youtube.com/watch?v=iGgWV5-VdSk,Re-Style,2019-04-04 13:30:32,2019-04-04 13:24:56
Crystal Mad - Settle The Score,https://www.youtube.com/watch?v=vpBMF-6Zq-0,Nightbreed,2019-04-05 08:57:04,2019-04-05 05:00:03
Ran-D - The Power Of Now (OUT NOW),https://www.youtube.com/watch?v=o3_9WQtlJNQ,Roughstate,2019-04-08 12:56:15,2019-04-08 07:12:01
Regain - Back to My Roots | Official Album Preview,https://www.youtube.com/watch?v=SJ_ccBa_W54,Heart for Hard,2019-04-08 17:03:12,2019-04-08 13:25:24
Scooter & Xillions – Rave Teacher (Somebody Like Me) (Official Video 4K),https://www.youtube.com/watch?v=P3qlafoBY50,Kontor.TV,2019-04-08 17:00:11,2019-04-08 15:00:05
Noisecontrollers & Devin Wild - The Time Has Come (Official Music Video),https://www.youtube.com/watch?v=xDRz_O2pEAU,Spirit Of Hardstyle,2019-04-09 16:18:36,2019-04-09 13:58:48
Sub Sonik & Galactixx -  Runaway (Official 4K Videoclip),https://www.youtube.com/watch?v=FJEWD1rssG4,Sub Sonik,2019-04-09 16:15:12,2019-04-09 14:30:01
E-Force - The End (Official Videoclip),https://www.youtube.com/watch?v=ZwV6oMMIsS0,Scantraxx,2019-04-10 15:34:46,2019-04-10 14:00:04
Sound Rush - Rhythm Of The Night (Official Videoclip),https://www.youtube.com/watch?v=5ZovVBQJS84,Art of Creation,2019-04-10 15:35:18,2019-04-10 14:00:05
Access One - Gods & Devils,https://www.youtube.com/watch?v=TMLepXz9I2I,Dogfight Rec,2019-04-11 14:54:12,2019-04-11 13:00:04
Serzo - Ready Tonight [NEXT059],https://www.youtube.com/watch?v=2hBQtgLfz8s,Q-dance Music,2019-04-12 15:11:20,2019-04-12 14:34:31
Aetherium - Magic (Hardstyle) | HQ Videoclip,https://www.youtube.com/watch?v=HMora9wIXOM,HardstyleUp2Datez [HU2Dz],2019-04-12 16:14:16,2019-04-12 16:00:01
Ezenia & Sonix - Anything (Hardstyle) | Official Lyric Videoclip,https://www.youtube.com/watch?v=d5XTyL7NHAc,HardstyleUp2Datez [HU2Dz],2019-04-17 16:08:50,2019-04-17 16:00:10
Da Tweekaz - Scatman (Official Video),https://www.youtube.com/watch?v=vPIaMZSmLc4,Dirty Workz,2019-04-17 17:25:55,2019-04-17 16:49:30
Hard Driver & KELTEK - Valley Of The Blind (Official Video),https://www.youtube.com/watch?v=wymVe27Po5A,Dirty Workz,2019-04-18 19:47:11,2019-04-18 16:47:26
Sephyx - Almost Home (Official Video),https://www.youtube.com/watch?v=fjaXbqpnDwE,Dirty Workz,2019-04-19 17:10:35,2019-04-19 16:48:28
D-Attack - A New Era,https://www.youtube.com/watch?v=DapCdDGN1c0,D-Attack,2019-04-22 16:32:00,2019-04-22 09:53:24
MYST - The Unlimited Power (Official Music Video),https://www.youtube.com/watch?v=hvj5h8mA4oA,MYST,2019-04-24 10:56:12,2019-04-24 09:57:43
AniMe - Hardshock (Official Anthem 2019),https://www.youtube.com/watch?v=4yclXciGArE,DJ AniMe,2019-04-29 17:31:15,2019-04-29 15:58:49
Blasco & Pherato - Survivor (Official Video),https://www.youtube.com/watch?v=WxfbrgWlv9Q,Dirty Workz,2019-04-29 17:00:17,2019-04-29 16:45:14
Crystal Mad - Hypnotized,https://www.youtube.com/watch?v=GxC6O3KDIZU,Nightbreed,2019-05-01 08:20:40,2019-05-01 06:00:02
D-Block & S-te-Fan & DJ Isaac - World Renowned (Official Video),https://www.youtube.com/watch?v=NKeudui_d0w,Dirty Workz,2019-05-01 19:25:56,2019-05-01 18:06:12
Kronos & RVAGE - The Joker (Official Audio),https://www.youtube.com/watch?v=dUBKNk44Tfs,Scantraxx,2019-05-02 16:03:17,2019-05-02 15:00:06
Korsakoff remix: Sub Sonik & Tha Watcher - Revolt (Official Revolt 2019 anthem),https://www.youtube.com/watch?v=pRayVIyjVlo,REVOLT,2019-05-03 15:18:58,2019-05-03 15:00:09
Atmozfears & Sound Rush - Together As One (Official Video),https://www.youtube.com/watch?v=TW00_McWZUs,Q-dance,2019-05-08 15:15:53,2019-05-08 11:00:05
Amentis ft. Anklebreaker - Until Dawn (Official Audio),https://www.youtube.com/watch?v=BwREes6RqM4,Dirty Workz,2019-05-09 15:56:45,2019-05-09 11:59:42
Wasted Penguinz - FML (Official Audio),https://www.youtube.com/watch?v=rPkmsLeg6ZA,Wasted Penguinz,2019-05-09 15:48:56,2019-05-09 13:53:47
Jay Reeve ft. Michael Jo - One In A Million (Official Videoclip) [Lose Control Music],https://www.youtube.com/watch?v=hUginiQLjMA,Lose Control Music,2019-05-10 18:15:38,2019-05-10 07:30:00
Nosferatu & Furyan - Rise Or Drop,https://www.youtube.com/watch?v=gC-06loignI,Neophyte Records,2019-05-10 18:14:50,2019-05-10 07:56:44
NSCLT - Dances Of The Soul (Galactixx Remix) (Official Video),https://www.youtube.com/watch?v=ICSTeF0B_Nk,Dirty Workz,2019-05-14 14:11:16,2019-05-14 12:21:07
Tweekacore & Darren Styles - Shady People (Official Video),https://www.youtube.com/watch?v=7lkZyUdlle0,Dirty Workz,2019-05-14 17:12:26,2019-05-14 16:53:00
Crystal Mad - I Will Find You,https://www.youtube.com/watch?v=KaJ9vVIxI8Q,Nightbreed,2019-05-15 08:18:11,2019-05-15 07:00:00
Bebe Rexha - Last Hurrah (Dj Thera Core Mix),https://www.youtube.com/watch?v=q84TNuvigQs,Dj Thera,2019-05-16 07:47:11,2019-05-16 07:42:16
Flo Rida - Sugar [Official Video],https://www.youtube.com/watch?v=S4WS_Q5Mq2s,Flo Rida,2019-05-16 18:39:13,2019-05-16 15:00:06
Sefa - One Tribe (Official Defqon.1 Anthem),https://www.youtube.com/watch?v=TFt_OvdJUIM,Sefa,2019-05-17 12:47:07,2019-05-17 11:02:50
Headhunterz & Sound Rush - Follow Me ft. Eurielle & Ryan Louder (Official Videoclip),https://www.youtube.com/watch?v=i_wI2pXAKkI,Art of Creation,2019-05-23 15:37:00,2019-05-23 15:30:03
DJ ToXiq - Lost Fantasy (Hardstyle) | Official Videoclip,https://www.youtube.com/watch?v=TkPqnEwJKw0,HardstyleUp2Datez [HU2Dz],2019-05-25 09:41:02,2019-05-25 09:00:03
Da Tweekaz & Destructive Tendencies - We Are Fighters (Official Video),https://www.youtube.com/watch?v=wh_h4W0Ufcw,Dirty Workz,2019-06-06 10:41:30,2019-06-06 10:00:05
Crystal Lake - Together (Official Video),https://www.youtube.com/watch?v=NAf8IeWGpzo,Dirty Workz,2019-06-07 17:33:11,2019-06-07 16:47:19
Broken Element ft. Last Word - Rebels Till The End (Official Videoclip),https://www.youtube.com/watch?v=JjENc7Xq8do,Scantraxx,2019-06-12 17:56:35,2019-06-12 13:00:02
Re-Style & Korsakoff - Leap Of Faith (Official Videoclip),https://www.youtube.com/watch?v=bXqWnMxbYNw,Re-Style,2019-06-13 17:18:10,2019-06-13 13:15:01
Mandy - Bodyshock (Official Video),https://www.youtube.com/watch?v=fqbp6cyh0pI,Dirty Workz,2019-06-13 19:42:58,2019-06-13 16:45:52
Quickdrop - All Over The World (Official Music Video),https://www.youtube.com/watch?v=NhjUVr-X4H4,Hands Up Generation,2019-06-14 17:18:29,2019-06-14 15:11:52
Gazirovka - Black (WhyAsk! Frenchcore Remix),https://www.youtube.com/watch?v=ly8dUa8tmNU,Frenchcore Hardcore,2019-06-15 13:45:26,2019-06-15 11:00:06
PRDX - On Fire,https://www.youtube.com/watch?v=8ADS3UlOI68,Derailed Traxx,2019-06-20 13:07:56,2019-06-20 08:00:01
Lindsey Stirling - Underground (Official Music Video),https://www.youtube.com/watch?v=EJ09pSuA9hw,Lindsey Stirling,2019-06-21 16:05:00,2019-06-21 15:57:42
Frontliner - Conquer The World,https://www.youtube.com/watch?v=lvvz1NMS8h4,Frontliner,2019-07-02 20:49:06,2019-07-02 17:28:45
Zatox x Rebourne x Dave Revan - I Wanna Go,https://www.youtube.com/watch?v=sqt96qBTRGU,Zatox,2019-07-03 16:32:54,2019-07-03 15:57:44
KELTEK - Oblivion (Official Videoclip),https://www.youtube.com/watch?v=oMxkURzW8Ys,Scantraxx,2019-07-05 10:24:13,2019-07-05 10:00:12
Fanatics & Firelite - Never Letting Go (Official Video),https://www.youtube.com/watch?v=CQcNS3ZBqMY,Dirty Workz,2019-07-09 11:58:42,2019-07-09 10:04:11
Crystal Mad - Indestructible,https://www.youtube.com/watch?v=ke2u_0pE3Ko,Nightbreed,2019-07-12 08:17:22,2019-07-12 07:16:34
Demi Kanon & Inverze - Break The Silence (Official Videoclip),https://www.youtube.com/watch?v=-ZOMAEjqyWE,Scantraxx,2019-07-12 12:58:02,2019-07-12 12:00:01
"Ellie Goulding, Juice WRLD - Hate Me (Official Video)",https://www.youtube.com/watch?v=UZwi9SHgzGY,EllieGouldingVEVO,2019-07-17 15:28:02,2019-07-17 13:58:14
Fightfears - Illusion |Free Release|,https://www.youtube.com/watch?v=pc3Km589-Gs,Hard Recordzz,2019-07-23 19:49:18,2019-07-23 13:00:09
Dillytek - World Without You (Official Video),https://www.youtube.com/watch?v=HIyAR2_JTXE,Dirty Workz,2019-07-23 19:19:43,2019-07-23 16:47:55
Sefa - Walking in the Air (Official Clip),https://www.youtube.com/watch?v=DmD5lTRYNQ4,Sefa,2019-07-24 15:04:40,2019-07-24 15:00:02
Hypnose - Last Resort (Official Audio),https://www.youtube.com/watch?v=dpvy1tK6-w8,Scantraxx,2019-07-24 15:29:56,2019-07-24 15:00:09
Sub Zero Project ft. Bryant Powell - All Night (Official Video),https://www.youtube.com/watch?v=otmG-NE-FIo,Dirty Workz,2019-08-01 17:39:49,2019-08-01 16:48:55
Vamos a la Playa (Harris & Ford Remix) - Miranda,https://www.youtube.com/watch?v=qdJt6OcRgA8,Harris & Ford,2019-08-03 10:44:58,2019-08-03 09:53:08
Degos & Re-Done - Diving (Hardstyle Remix),https://www.youtube.com/watch?v=x7GHpgbdMh4,degosredone,2019-08-06 19:03:56,2019-08-06 16:57:49
Phuture Noize & Sub Zero Project - Call Of The Sacred (Official Video),https://www.youtube.com/watch?v=l_Px4ICbsx0,Dirty Workz,2019-08-08 18:10:52,2019-08-08 16:49:45
Bodybangers - Again (Official Video),https://www.youtube.com/watch?v=D_Kf-8gsg2k,Club Sounds,2019-08-09 07:28:05,2019-08-09 07:00:03
D-Stroyer - Take Me Higher (Official Video) [Copyright Free Music],https://www.youtube.com/watch?v=KwMU3QAI4DM,Dirty Workz,2019-08-14 11:55:32,2019-08-14 10:00:02
Noisecontrollers - Shine (Official Music Video),https://www.youtube.com/watch?v=v2S9DYBzSxk,Noisecontrollers,2019-08-14 13:38:47,2019-08-14 11:57:49
Demi Kanon - Live My Life (Official Videoclip),https://www.youtube.com/watch?v=f4xN4JRtOI4,Scantraxx,2019-08-15 16:23:44,2019-08-15 15:00:05
Sub Zero Project - Be My Guide (Official Video),https://www.youtube.com/watch?v=Cp7-LoQXhEU,Dirty Workz,2019-08-15 18:06:58,2019-08-15 16:45:39
TNT - Gung | Official Video | Q-dance Records,https://www.youtube.com/watch?v=CiX0y_cuke8,Q-dance Music,2019-08-16 09:19:14,2019-08-16 09:11:12
Malua ft. Sifra - Rogue (Official Audio),https://www.youtube.com/watch?v=519JztPus9M,Scantraxx,2019-08-16 19:02:01,2019-08-16 14:00:00
Hardwell - Apollo (Re-Loaded Uptempo Bootleg),https://www.youtube.com/watch?v=xEwng0WUQJM,Uptempo Hardcore,2019-08-21 13:13:39,2019-08-21 12:38:11
Unproven - Stories,https://www.youtube.com/watch?v=SRybWdeV7LU,Unproven,2019-08-22 09:23:07,2019-08-22 06:00:05
Infirium - DJ Tokio Hotel's Revenge [FREE RELEASE],https://www.youtube.com/watch?v=rYZMNi-Otro,Spoontech Records,2019-08-26 13:50:43,2019-08-26 10:00:12
NF - How Could You Leave Us (Sub Sonik Bootleg),https://www.youtube.com/watch?v=y0Q47IzVOAQ,Sub Sonik,2019-08-27 12:11:58,2019-08-27 09:22:47
"K-391, Alan Walker, Tungevaag, Mangoo - PLAY (K-391's Video)",https://www.youtube.com/watch?v=DAAKsuorF7o,K-391,2019-08-30 07:54:50,2019-08-30 07:00:14
Shinzo - This Mess,https://www.youtube.com/watch?v=xhTcY_UriVs,Zooland.TV,2019-08-30 07:52:23,2019-08-30 07:32:27
Frequencerz & Phuture Noize - Starlight | Official Video | Q-dance Records,https://www.youtube.com/watch?v=6F9szyKy8fE,Q-dance,2019-08-30 17:04:32,2019-08-30 13:00:12
Hyperion - Steel Prophets,https://www.youtube.com/watch?v=gOwDlfVTc9U,Dutch Master Works,2019-09-03 09:10:43,2019-09-03 07:00:03
Ophidian - The Phoenix [Official Video],https://www.youtube.com/watch?v=llBaip0fkBY,Ophidian,2019-09-05 17:59:20,2019-09-05 16:00:10
Da Tweekaz & Crystal Lake - Keep On Rockin' (Official Video),https://www.youtube.com/watch?v=MqKbY9L1-wY,Dirty Workz,2019-09-06 18:08:20,2019-09-06 09:59:37
Sub Zero Project - All For One (Official Video),https://www.youtube.com/watch?v=mvmizGRYOKk,Dirty Workz,2019-09-15 13:03:19,2019-09-15 10:00:09
Sephyx - Artifact (Official Video),https://www.youtube.com/watch?v=Vt5VKVN7c4g,Dirty Workz,2019-09-19 17:51:00,2019-09-19 16:45:01
Act of Rage & Digital Punk - Till Sunrise (Official Videoclip),https://www.youtube.com/watch?v=n7pl2nMZnoU,Act of Rage,2019-09-22 17:03:30,2019-09-22 16:00:10
Da Tweekaz ft. Diandra Faye - The Wire (Official Video),https://www.youtube.com/watch?v=vKbr1ehwQMw,Dirty Workz,2019-09-26 18:33:43,2019-09-26 09:59:13
Naptone – Falling For You,https://www.youtube.com/watch?v=brQK-ax0gks,Zooland.TV,2019-09-27 15:04:11,2019-09-27 08:56:31
Noisecontrollers & Sogma - The Approach (Official Audio),https://www.youtube.com/watch?v=ai-Vwf6o758,Noisecontrollers,2019-09-30 16:20:32,2019-09-30 16:00:12
Fabian Farell - Time Takes Nothing (Official Video),https://www.youtube.com/watch?v=oXphD3xY0gU,Club Sounds,2019-10-04 13:12:49,2019-10-04 10:00:15
Solstice ft. ALARA - Take My Hand (Official Audio),https://www.youtube.com/watch?v=7Uc9PLsZHHA,Scantraxx,2019-10-04 16:56:01,2019-10-04 16:49:18
Warface & Sefa -  Robot Gangbang (Official Videoclip),https://www.youtube.com/watch?v=38EL5L84KNA,WARFACE,2019-10-07 15:52:13,2019-10-07 15:00:00
Nightcore - Hallucinations,https://www.youtube.com/watch?v=ItLfnquCb8k,NightcoreReality,2019-10-08 06:13:16,2019-10-08 00:18:26
Lady Faith - Supernova (Official Videoclip),https://www.youtube.com/watch?v=AoE61iqZTno,Scantraxx,2019-10-08 15:03:56,2019-10-08 13:00:03
KELTEK ft. Michael Jo - Down Like This (Official Video),https://www.youtube.com/watch?v=RgcfYSsHM6w,Scantraxx,2019-10-16 15:59:08,2019-10-16 15:00:07
Ran-D & Endymion ft. LePrince - Run From Reality (official videoclip),https://www.youtube.com/watch?v=-kiy1pH8PLk,Ran-D,2019-10-18 12:34:41,2019-10-18 11:00:09
Snelle - Reünie (Outsiders Remix),https://www.youtube.com/watch?v=z2QtimzqsMU,ROQ 'N ROLLA Music,2019-10-18 18:13:45,2019-10-18 14:00:16
Re-Style - Wildfire (Official Videoclip),https://www.youtube.com/watch?v=pUIWl0L9eV4,Re-Style,2019-10-22 19:23:08,2019-10-22 12:00:07
Tha Playah & Angerfist - The Heartless (Official Video),https://www.youtube.com/watch?v=vavNYpZnEnU,Angerfist,2019-10-22 18:37:00,2019-10-22 17:01:46
Horyzon - Hyperspace (Official Audio) [Copyright Free Music],https://www.youtube.com/watch?v=p591IKizMhU,Dirty Workz,2019-10-23 18:47:38,2019-10-23 10:00:09
Da Tweekaz & Sound Rush - Take Me Away (Official Video),https://www.youtube.com/watch?v=uXoecz5Zyro,Dirty Workz,2019-10-24 12:01:51,2019-10-24 10:00:10
Crystal Lake - Circles (Official Video),https://www.youtube.com/watch?v=Zd240PSvz8w,Dirty Workz,2019-10-29 18:40:56,2019-10-29 17:48:22
Unsenses - Make My Body Move (Official Audio),https://www.youtube.com/watch?v=v8vCtySU1KQ,Dirty Workz,2019-11-01 18:31:55,2019-11-01 11:00:13
Audiotricz & E-Life - Different (Official Audio),https://www.youtube.com/watch?v=Vm1uprLBK2I,Audiotricz,2019-11-01 18:25:49,2019-11-01 15:00:05
Rocco - Everybody 9.0 (Megara vs. DJ Lee Remix),https://www.youtube.com/watch?v=mLcZHnwPJ04,Hands Up Generation,2019-11-05 20:12:07,2019-11-05 19:13:33
MYST feat. Disarray - Let Me Down (Official Music Video),https://www.youtube.com/watch?v=q4T1wFszA0U,MYST,2019-11-07 13:54:06,2019-11-07 11:00:10
Andrea Belli & Julian Moss feat. Elle - One More Time (Official Video HD),https://www.youtube.com/watch?v=tOhOuReht5o,Kontor.TV,2019-11-10 19:29:20,2019-11-10 10:00:10
KELTEK - Kingdom Comes (ft. Diandra Faye) (Official 4K Videoclip),https://www.youtube.com/watch?v=_RKYWyr5uX0,Scantraxx,2020-01-16 16:05:59,2020-01-16 15:00:07
Shockwave - Heaven (Official Videoclip),https://www.youtube.com/watch?v=VNDf3dW7H6o,Scantraxx,2020-01-21 20:04:26,2020-01-21 14:00:05
Sefa & Mr. Ivex - God’s Plan (Official Video),https://www.youtube.com/watch?v=TGXYNUBKJRs,Sefa,2020-01-21 19:25:51,2020-01-21 15:00:07
Requiem - Fire Power (Official Videoclip),https://www.youtube.com/watch?v=NUXaayPmF1o,Scantraxx,2020-01-29 17:46:52,2020-01-29 16:00:07
Denza & Proto Bytez - Luminance (Official Audio),https://www.youtube.com/watch?v=x2YqAlU_9nk,Dirty Workz,2020-01-30 19:36:31,2020-01-30 17:45:00
Sephyx - Higher (Official Video),https://www.youtube.com/watch?v=8d5ItzP8EaU,Dirty Workz,2020-01-31 15:50:19,2020-01-31 15:00:02
Zatox - Deep Inside (Official Video),https://www.youtube.com/watch?v=O3lFW9d8mC0,Dirty Workz,2020-02-03 18:44:41,2020-02-03 18:00:10
Hard Driver ft. Szen - All Or Nothing (Official Video),https://www.youtube.com/watch?v=g4P3nSNrb1o,Dirty Workz,2020-02-04 20:01:22,2020-02-04 17:45:01
Pherato & Krowdexx & Navras & Tha Watcher - Change (Official Video),https://www.youtube.com/watch?v=aLIrbop1bGw,Dirty Workz,2020-02-07 11:57:25,2020-02-07 09:00:10
Malua & Alee - Make It Rain (Official Videoclip),https://www.youtube.com/watch?v=pJmbqQLBV84,Scantraxx,2020-02-14 17:21:51,2020-02-14 16:00:21
Proto Bytez - Come Back (Official Audio),https://www.youtube.com/watch?v=oCJMtGKG8m4,Scantraxx,2020-02-21 16:59:47,2020-02-21 16:00:11
B2A x Anklebreaker - Runaway (Radio Edit),https://www.youtube.com/watch?v=8yYIdykChYA,German Hardstyle Uploadz,2020-02-24 22:34:53,2020-02-24 22:23:25
Stormerz - Falling (Official Videoclip),https://www.youtube.com/watch?v=X0YcrR9mhJE,Scantraxx,2020-02-25 19:54:43,2020-02-25 15:00:13
Adaro ft. Mark Vayne - Dynamite (official videoclip),https://www.youtube.com/watch?v=Jq3wxWd1hEg,Adaro,2020-03-16 11:23:31,2020-03-16 11:00:13
Jeroxis - Freaking [GBE100],https://www.youtube.com/watch?v=diD_r-gQ6-s,Gearbox Digital,2020-03-16 14:39:07,2020-03-16 13:30:08
Luke Bond feat. Tyler Graves - Left Of Us (Darren Styles Remix),https://www.youtube.com/watch?v=qKl-p5qj6lU,A State Of Trance,2020-03-20 22:00:45,2020-03-20 11:00:18
Envine - Leave (Official Audio),https://www.youtube.com/watch?v=FZ9lQNOUlnI,Scantraxx,2020-03-24 16:14:13,2020-03-24 15:00:13
The Prophet & Devin Wild ft. Remi - All In My Head (Official Videoclip),https://www.youtube.com/watch?v=V1mcP4udtos,Scantraxx,2020-03-26 15:58:08,2020-03-26 15:00:22
Unproven - Tell Me (2K19 Remix),https://www.youtube.com/watch?v=0xMqE68lqfg,Unproven,2020-03-26 19:23:55,2020-03-26 18:34:43
Mark With a K & Xillions - Heartbeat (Official Videoclip),https://www.youtube.com/watch?v=LEigqhmrAqI,Mark With a K,2020-04-08 15:36:18,2020-04-08 14:00:09
KELTEK & Sound Rush - One Of Us (Official Videoclip),https://www.youtube.com/watch?v=Z_Z9cbk20zw,Art of Creation,2020-04-09 14:05:44,2020-04-09 14:00:09
Sefa & Phuture Noize - Apocalypse,https://www.youtube.com/watch?v=cJMtDMPe77E,Sefa,2020-04-13 14:45:38,2020-04-13 14:00:24
Amentis - Victorious (Official Audio),https://www.youtube.com/watch?v=IlE37onFVM0,Dirty Workz,2020-04-15 18:05:11,2020-04-15 16:59:55
Deetox - Going Under (Official Videoclip),https://www.youtube.com/watch?v=ERVxZ-0K0Y4,Scantraxx,2020-04-16 20:18:06,2020-04-16 14:00:06
Cyber & Gix - TBA 2 (Free Release),https://www.youtube.com/watch?v=QweUreXkgk0,German Hardstyle Uploadz,2020-04-29 22:09:37,2020-04-29 16:29:48
Edward Maya & Vika Jigulina - Stereo Love (SkaFiMy Ska & Exaveon Remix Edit) (Free Release),https://www.youtube.com/watch?v=K7pM5AGLOc4,German Hardstyle Uploadz,2020-04-29 20:32:10,2020-04-29 19:51:22
Devin Wild - Shapeshifting (Official Videoclip),https://www.youtube.com/watch?v=BqBlwxpWPWI,Scantraxx,2020-04-30 15:34:19,2020-04-30 14:00:08
Headhunterz - Dragonborn Part 2 (Feat. Malukah) (Official Video),https://www.youtube.com/watch?v=8IYy61kMXds,Headhunterz,2020-05-02 21:34:34,2020-05-02 14:00:12
Kronos ft. MC Coppa - The Future (Broken Minds Remix) (Official Audio),https://www.youtube.com/watch?v=pV1rusmL5l4,Scantraxx,2020-05-06 19:02:26,2020-05-06 14:00:32
D-Sturb - World Out There (Official Videoclip),https://www.youtube.com/watch?v=NDS2KzO5g_w,D-Sturb,2020-05-07 17:25:39,2020-05-07 15:00:11
Unproven & Barber - Disco Bitch,https://www.youtube.com/watch?v=lt6s_3wPAm0,Unproven,2020-05-14 11:26:06,2020-05-14 09:27:06
Re-Style - Feel Alive (ft Cammie Robinson) (Official Videoclip),https://www.youtube.com/watch?v=5mU-240ogJE,Re-Style,2020-06-05 15:20:11,2020-06-05 14:58:18
Adrenalize - For You (Official Videoclip),https://www.youtube.com/watch?v=_aJBOMW28l4,Scantraxx,2020-06-10 14:55:15,2020-06-10 14:00:15
Rebelion ft. Micah Martin - Never Back Down (Official Videoclip),https://www.youtube.com/watch?v=0lpTG3UIo0k,Scantraxx,2020-06-25 19:38:42,2020-06-25 14:00:00
Unproven - Circles (Bootleg),https://www.youtube.com/watch?v=OiNTsqWYA9Y,Unproven,2020-06-25 19:18:23,2020-06-25 18:16:53
Sub Zero Project - The Silence (Of My Sins) (Official Video),https://www.youtube.com/watch?v=xYYFtYeiuCY,Dirty Workz,2020-07-01 17:09:28,2020-07-01 17:00:10
Mad Crow - I N33D U,https://www.youtube.com/watch?v=qbzT-BTwEuU,You Love Dance.TV,2020-07-03 21:02:31,2020-07-03 08:00:11
Lady Faith - Different (Official Videoclip),https://www.youtube.com/watch?v=4OkgdgknKxQ,Scantraxx,2020-07-14 16:36:02,2020-07-14 14:00:02
Korsakoff - Ready To Go (official videoclip),https://www.youtube.com/watch?v=yl_CHhO1RMQ,OfficialKorsakoff,2020-07-16 14:53:18,2020-07-16 13:48:41
The Prophet - Outta Control (Official Videoclip),https://www.youtube.com/watch?v=342GhQOSVGU,Scantraxx,2020-07-16 14:22:03,2020-07-16 14:00:00
HARRiS & FORD x FiNCH - NACHBARN,https://www.youtube.com/watch?v=YvRE14Sm1mM,FiNCH,2020-07-31 10:23:55,2020-07-31 10:00:11
Warface - Control The Soul (Official Videoclip),https://www.youtube.com/watch?v=UzLIam5rWKg,WARFACE,2020-08-03 20:21:03,2020-08-03 16:00:11
Synthsoldier - INITIALIZE (Official Video),https://www.youtube.com/watch?v=9M0Hd32NUV0,Dirty Workz,2020-08-11 15:57:44,2020-08-11 10:00:05
Wasted Mind - Reason (Unproven Remix),https://www.youtube.com/watch?v=NL47be19zPE,Unproven,2020-08-27 08:32:55,2020-08-27 06:00:03
KELTEK - Awaken | Music Video | Q-dance Records,https://www.youtube.com/watch?v=kXCznZ34Lxs,Q-dance,2020-09-03 16:03:59,2020-09-03 14:00:18
Excision ft. Akylla - Die For you (DJ AniMe Bootleg),https://www.youtube.com/watch?v=ps0WOD6yPBw,DJ AniMe,2020-09-08 07:12:32,2020-09-08 06:43:00
Refuzion - Drift Away (Numa Numa Yay) (Official Video),https://www.youtube.com/watch?v=PtlA84wfoA4,Dirty Workz,2020-09-17 10:47:46,2020-09-17 10:00:09
Unproven - The King,https://www.youtube.com/watch?v=zoz8cj7U_yA,Unproven,2020-10-06 14:20:07,2020-10-06 13:20:30
Nightcraft - Time (Official Videoclip),https://www.youtube.com/watch?v=6IFs-otSY1Y,Scantraxx,2020-10-13 14:55:09,2020-10-13 14:00:01
Kronos - Kryptonite (Official Videoclip),https://www.youtube.com/watch?v=IrawWYEwJB8,Scantraxx,2020-10-14 14:42:54,2020-10-14 14:00:09
Neptunica & Zombic feat. Marmy - Lay By My Side (Official Video HD),https://www.youtube.com/watch?v=AwpRATkTWcE,Kontor.TV,2020-10-15 15:26:30,2020-10-15 10:00:11
Wasted Penguinz x Maggie Szabo - Life Support (Official Video),https://www.youtube.com/watch?v=nCzbp3dUHvk,Wasted Penguinz,2020-10-21 16:05:13,2020-10-21 16:00:11
Headhunterz vs. Da Tweekaz - Jäger or Spinach,https://www.youtube.com/watch?v=uOvgjtQqpRo,Headhunterz,2020-10-21 21:30:07,2020-10-21 16:30:02
Rayvolt - The Heat (Rapture003),https://www.youtube.com/watch?v=vy3bn1UiwsQ,Re-Style,2020-10-23 14:07:14,2020-10-23 14:00:11
Sefa & Relianze - Going Under,https://www.youtube.com/watch?v=C_bP_gBK3nk,Sefa,2020-10-29 19:54:31,2020-10-29 15:00:09
Sephyx x Firelite - Into The Light (Official Video),https://www.youtube.com/watch?v=B5-6d9dscgY,Dirty Workz,2020-11-05 14:22:32,2020-11-05 11:00:10
Ran-D - Living For The Moment (2020 Remix) (official videoclip),https://www.youtube.com/watch?v=VDuDdA-uj_8,Ran-D,2020-11-06 11:13:52,2020-11-06 10:30:09
Sub Zero Project ft. MC Stretch - Time Machine (Official Video),https://www.youtube.com/watch?v=7m0n8h8b89M,Dirty Workz,2020-11-06 11:05:49,2020-11-06 11:00:09
Brennan Heart x Harris & Ford - Addicted to the Bass (Official Video),https://www.youtube.com/watch?v=Xe7g2zqko5U,Harris & Ford,2020-11-06 11:50:30,2020-11-06 11:00:09
Zatox - Children Of The Sun ( Official Video ),https://www.youtube.com/watch?v=NkRrSVZCo4U,Zatox,2020-11-09 17:51:17,2020-11-09 17:00:09
B-Front & Deetox - Cosmos (OUT NOW),https://www.youtube.com/watch?v=fFZeWQm-t1A,Roughstate,2020-11-11 12:55:39,2020-11-11 10:45:03
RVAGE ft. Lea König - The Reunion (Official Audio),https://www.youtube.com/watch?v=luUjobF-sQg,Scantraxx,2020-11-19 19:25:45,2020-11-19 15:00:11
MANDY - Only Gets Better (Official Video),https://www.youtube.com/watch?v=RjWFzhF_Ml8,Dirty Workz,2020-11-19 20:14:32,2020-11-19 18:00:05
Radical Redemption & Nolz  - House Fire (Official Video),https://www.youtube.com/watch?v=XUjoA3QVYDA,RadicalRedemption,2020-11-20 15:21:31,2020-11-20 13:00:11
Marious & Naptone – Heaven Lights,https://www.youtube.com/watch?v=jqlutHGj8uw,Zooland.TV,2020-11-20 15:19:21,2020-11-20 14:49:37
Luca Testa ft. Reptile Room - Till The End (Official Video) [Copyright Free Music],https://www.youtube.com/watch?v=wleXTii6HtU,Dirty Workz,2020-11-25 18:34:32,2020-11-25 11:00:27
Re-Style & Vertex - Shadow World (Official Videoclip),https://www.youtube.com/watch?v=Pk8-QeIRVSo,Re-Style,2020-11-27 17:39:07,2020-11-27 16:33:52
Firelite & DEEZL - Tear The Walls Down (Official Video),https://www.youtube.com/watch?v=ZHGM-W843LM,Dirty Workz,2020-12-01 10:23:54,2020-12-01 10:00:09
Exilium - Into The Light (Official Audio) [Copyright Free Music],https://www.youtube.com/watch?v=CpUnRB5v4WE,Dirty Workz,2020-12-02 18:38:20,2020-12-02 11:00:05
D-Attack - Born For This (Official Videoclip),https://www.youtube.com/watch?v=3mXGM_dtdZ8,Scantraxx,2020-12-02 19:06:19,2020-12-02 15:00:04
B-FRONT - THANK GOD FOR MUSIC (OFFICIAL VIDEOCLIP),https://www.youtube.com/watch?v=Pym6w6hkcoY,B-Front,2020-12-07 14:31:39,2020-12-07 14:00:07
"The Elite - Devil In My Arms | Coone, Da Tweekaz & Hard Driver (Official Video)",https://www.youtube.com/watch?v=VARa7SwAWEE,Dirty Workz,2020-12-10 11:22:10,2020-12-10 11:00:10
Ziggy X feat. Sedutchion – Frequencies Lost,https://www.youtube.com/watch?v=YinLOG-v5PU,You Love Dance.TV,2021-01-29 10:16:04,2021-01-29 08:30:08
Wallace feat. Murron MacClannough - Show Me The Light (Official Music Video HD),https://www.youtube.com/watch?v=EB2n3xWStrI,Zooland.TV,2021-02-02 19:41:34,2021-02-02 19:16:51
RiraN & Yuta Imai - You Need (Official Audio),https://www.youtube.com/watch?v=1PE4WlGpV6w,RiraN Official,2021-02-13 10:51:45,2021-02-13 08:29:02
B-Front & Udex - Falling (official videoclip),https://www.youtube.com/watch?v=-44J8_cdvaY,B-Front,2021-02-18 12:40:26,2021-02-18 09:00:15
DJ AniMe - My Beat,https://www.youtube.com/watch?v=c01M4a2WdXk,DJ AniMe,2021-02-18 14:05:21,2021-02-18 14:00:19
Rebelion & Sound Rush - Hypnotized (Official Videoclip),https://www.youtube.com/watch?v=TA2nQNrpCzE,Scantraxx,2021-02-18 16:43:00,2021-02-18 15:00:09
MYST - The Path We Take (Official Audio),https://www.youtube.com/watch?v=2jBZAWqEs4w,MYST,2021-02-19 20:29:35,2021-02-19 11:00:13
Heatwavez & TESFY - Embrace (Official Video),https://www.youtube.com/watch?v=Oxq_esu2b6Y,Dirty Workz,2021-03-01 18:20:09,2021-03-01 18:00:05
Proto Bytez - Feel So Free (Official Audio),https://www.youtube.com/watch?v=l2sK_l1nleE,Scantraxx,2021-03-02 15:28:07,2021-03-02 15:00:16
Wildstylez - Revenge (Official Audio),https://www.youtube.com/watch?v=fp_YhST4fVw,Scantraxx,2021-03-04 20:48:35,2021-03-04 13:00:12
Magnuz & Ryptox - Be The Hero | Q-dance presents NEXT,https://www.youtube.com/watch?v=LmEbAKrd1Ms,Q-dance Music,2021-03-08 17:15:58,2021-03-08 15:00:15
Master Blaster vs. Turbo B - Ballet Dancer (Video Mix) (4K),https://www.youtube.com/watch?v=ATxfdwGaqCM,Hands Up Generation,2021-03-08 17:18:15,2021-03-08 17:13:13
TCM - Back To You (Official Audio) [Copyright Free Music],https://www.youtube.com/watch?v=QviaFQU9BeE,Dirty Workz,2021-03-24 13:22:28,2021-03-24 11:00:08
Steve Modana – Time Machine (Steve Jetric Remix),https://www.youtube.com/watch?v=ztFOdqK3a-8,You Love Dance.TV,2021-03-25 08:32:49,2021-03-25 08:00:09
Sound Rush – Live Forever (D-Tunez Remix) | Q-dance presents SPEQTRUM,https://www.youtube.com/watch?v=QE9THPeh4zA,Q-dance Music,2021-03-25 20:16:33,2021-03-25 15:00:06
Adaro Ft. Robin Vane - Heaven High (official videoclip),https://www.youtube.com/watch?v=mQTOMSMnbG0,Adaro,2021-03-26 13:40:32,2021-03-26 09:00:30
MYST - I Can See Now (Official Audio),https://www.youtube.com/watch?v=T_Y5AnJZo80,MYST,2021-03-26 12:31:02,2021-03-26 11:00:17
Evil Activities & Korsakoff - Shadows (Official Videoclip),https://www.youtube.com/watch?v=7AwBQbU_Lyo,Masters of Hardcore,2021-03-26 21:56:24,2021-03-26 12:38:44
The Saints - Rescue Me (OUT NOW),https://www.youtube.com/watch?v=IoW2OhWSE7I,Roughstate,2021-03-31 11:41:37,2021-03-31 09:45:01
Galactixx ft. Stef Classens - Young (Official Music Video),https://www.youtube.com/watch?v=G_6F1xhgbMo,Galactixx,2021-03-31 11:33:46,2021-03-31 10:00:17
Unproven - Right Kind Of Wrong,https://www.youtube.com/watch?v=9E49v6lzdGc,Unproven,2021-04-08 10:28:27,2021-04-08 09:27:25
B-Front & Deluzion - Unfold Me (OUT NOW),https://www.youtube.com/watch?v=PybKZhuKurI,Roughstate,2021-04-09 11:10:25,2021-04-09 09:45:00
Devin Wild - Broken | Q-dance Records,https://www.youtube.com/watch?v=WkbBOY7_QSQ,Q-dance,2021-04-09 11:15:19,2021-04-09 11:00:14
4* - Forgive (Official Audio) [Electric Fox],https://www.youtube.com/watch?v=S6B4cW_rQ4Q,Dirty Workz,2021-04-13 10:12:08,2021-04-13 10:00:18
B-Front & Deluzion - Unfold Me (official videoclip),https://www.youtube.com/watch?v=VbpWPNLSyPw,B-Front,2021-04-16 10:17:41,2021-04-16 10:00:13
Toneshifterz - Gonna Be Okay (Official Audio),https://www.youtube.com/watch?v=xc4Weo-hefY,I AM HARDSTYLE,2021-04-19 13:47:13,2021-04-19 12:15:01
Forever Lost - High As You (Official Audio),https://www.youtube.com/watch?v=uv3-jplbf0A,Dirty Workz,2021-04-19 18:31:38,2021-04-19 17:00:19
Semitoo & Marc Korn – The Melody (Stereo Faces Remix),https://www.youtube.com/watch?v=LFiGipa0bXY,You Love Dance.TV,2021-04-22 08:47:03,2021-04-22 07:00:05
Synthsoldier - Legendary (Official Video),https://www.youtube.com/watch?v=ufpOVTkNr7w,Dirty Workz,2021-04-27 14:11:54,2021-04-27 10:00:14
Act of Rage & Digital Punk - Till Sunrise (Sefa & Act of Rage Remix),https://www.youtube.com/watch?v=OqKyAOHDwHw,Act of Rage,2021-04-28 16:25:45,2021-04-28 16:00:10
Crude Intentions & Nightcraft - Pray For Me (Official Videoclip),https://www.youtube.com/watch?v=GrI32HKVJEw,Scantraxx,2021-04-30 17:02:41,2021-04-30 13:19:45
Digital Punk X Carola X Alee - Unbreakable (OUT NOW),https://www.youtube.com/watch?v=G1rfqioSk2k,Roughstate,2021-05-07 17:58:50,2021-05-07 14:04:24
Digital Punk X Carola X Alee - Unbreakable (official videoclip),https://www.youtube.com/watch?v=o2oLDDX6XOM,Digital Punk,2021-05-10 18:39:44,2021-05-10 17:00:32
Dr. Peacock & Sefa - Incoming (Official Video),https://www.youtube.com/watch?v=_6QlWKJhhKQ,Dr. Peacock,2021-05-21 17:49:37,2021-05-21 14:00:13
Sefa & Dr. Peacock - Illusions (Official Video),https://www.youtube.com/watch?v=9iHsbBBpCCI,Sefa,2021-05-28 14:46:46,2021-05-28 14:00:12
Nightcraft - Paradise (Official Videoclip),https://www.youtube.com/watch?v=mCKLuY3S2kY,Scantraxx,2021-05-28 19:09:59,2021-05-28 14:00:30
Little Sis Nora - MDMA (LazerzF!ne Bootleg Video Edit),https://www.youtube.com/watch?v=QpoyOxkimfA,Hands Up Generation,2021-05-29 13:04:39,2021-05-29 13:00:10
Jesse Jax - Victory Costs (Official Audio),https://www.youtube.com/watch?v=hNCDAn4uGx4,Dirty Workz,2021-06-02 19:12:55,2021-06-02 17:00:21
phuture noize - maniac. ft. mark vayne [music video],https://www.youtube.com/watch?v=pQQiRyKjKVk,Black Mirror Society,2021-06-03 20:44:19,2021-06-03 17:30:12
Primeshock - Rewind (Official Video),https://www.youtube.com/watch?v=kpE3qe00utQ,Dirty Workz,2021-06-18 10:53:23,2021-06-18 10:00:10
Adrenalize & Demi Kanon - Silhouette (Official Audio),https://www.youtube.com/watch?v=sKCQGhGSu-E,Scantraxx,2021-07-01 17:01:24,2021-07-01 14:00:17
B-Front & Kronos - I Will Find You (Official Audio),https://www.youtube.com/watch?v=SGMvd7IEKTw,Scantraxx,2021-07-08 15:06:02,2021-07-08 14:00:21
Wav3motion - I Don't Know (Official Audio) [Copyright Free Music],https://www.youtube.com/watch?v=B0ijUYd32dQ,Dirty Workz,2021-07-14 22:00:45,2021-07-14 10:00:05
Neroz & Irradiate - Forged In Fury (Official Videoclip),https://www.youtube.com/watch?v=Z9TnpHfaRkg,Scantraxx,2021-07-14 16:36:14,2021-07-14 14:00:12
Barber & Unproven - Like A Boss,https://www.youtube.com/watch?v=1KHiZxUiyAI,Unproven,2021-07-15 23:02:12,2021-07-15 08:03:08
The Elite - A Thousand Journeys (Official Video),https://www.youtube.com/watch?v=QNybueLjiEA,Dirty Workz,2021-07-15 22:16:37,2021-07-15 17:00:11
Harris & Ford x Outsiders - Irrenhaus (Official Audio),https://www.youtube.com/watch?v=oZrV5rlQaF8,Harris & Ford,2021-07-16 12:26:09,2021-07-16 08:42:12
Van der Karsten & Stereo Amp Surfer – I Come Undone,https://www.youtube.com/watch?v=oaZ9By38liA,You Love Dance.TV,2021-07-29 17:40:11,2021-07-29 07:00:25
KELTEK - Echo (Official Videoclip),https://www.youtube.com/watch?v=2CfClkc6LhM,Scantraxx,2021-07-29 14:30:46,2021-07-29 14:00:09
Re-Style x Runeforce - A New Dawn (Official Videoclip),https://www.youtube.com/watch?v=gF1EBbQ4_mg,Re-Style,2021-07-30 10:51:41,2021-07-30 09:42:44
Bassbrain - Drink Beer (Official Video) [Copyright Free Music],https://www.youtube.com/watch?v=uWEr9k84Rzg,Dirty Workz,2021-07-30 18:13:08,2021-07-30 10:00:14
Lady Faith ft. Szen - Summer (Official Videoclip),https://www.youtube.com/watch?v=R3bkA6F0xVw,Scantraxx,2021-07-30 15:08:27,2021-07-30 14:00:10
Rebelion & Warface - Switchblades (Official Videoclip),https://www.youtube.com/watch?v=rSiHOF4P_kE,Scantraxx,2021-08-05 16:59:46,2021-08-05 14:00:10
Steve Modana & Rocco - Catch the Sun,https://www.youtube.com/watch?v=bUjYhbBMVpI,You Love Dance.TV,2021-08-06 10:57:50,2021-08-06 08:00:10
REVIVE & Unproven - Carry Me Home (feat. Jemaine Jacobs),https://www.youtube.com/watch?v=BS_20kByC-c,Unproven,2021-08-12 06:58:52,2021-08-12 06:25:29
Dailucia - One Man's Dream (Official Audio),https://www.youtube.com/watch?v=CbiTkh6ymIs,I AM HARDSTYLE,2021-08-12 13:15:55,2021-08-12 12:01:33
Bass Modulators - Bass Ex Machina (Official Videoclip),https://www.youtube.com/watch?v=HcbED7R5WDw,Art of Creation,2021-08-12 17:25:04,2021-08-12 14:00:10
D-Mind - Close to You (Hardstyle),https://www.youtube.com/watch?v=D1goPXB97qo,Hard City,2021-08-17 18:46:27,2021-08-17 17:00:07
Airwalk3r & Van Der Karsten – People,https://www.youtube.com/watch?v=rIrhFILF7Eo,You Love Dance.TV,2021-08-19 14:17:46,2021-08-19 07:30:04
Klaas & Freischwimmer feat. Sary - Take My Hand (Mazza Remix),https://www.youtube.com/watch?v=CnYf5EMAB00,You Love Dance.TV,2021-08-20 09:27:02,2021-08-20 08:00:03
Unproven & Vato - Make It Loud (Bootleg),https://www.youtube.com/watch?v=I60Z8fyI6m0,Unproven,2021-08-27 12:40:06,2021-08-27 06:31:03
Re-Style & Rayvolt - Breathless (Official Videoclip),https://www.youtube.com/watch?v=a-SlORgmwGU,Re-Style,2021-09-10 21:13:28,2021-09-10 13:06:08
DJ Thera - Can't Fight This Feeling (Official Video),https://www.youtube.com/watch?v=ksyUgfhhGh0,Dj Thera,2021-09-13 16:28:52,2021-09-13 14:00:20
D-Block & S-te-Fan - Fearless (Official Videoclip),https://www.youtube.com/watch?v=OIj0zULMv04,D-Block & S-te-Fan (DBSTF),2021-09-21 15:05:16,2021-09-21 15:00:11
Unproven - Piece Of You,https://www.youtube.com/watch?v=_ShuDtNftbM,Unproven,2021-09-23 13:10:58,2021-09-23 07:19:24
D-Block & S-te-Fan - Losing Control (Official Audio),https://www.youtube.com/watch?v=aost6-2KEMU,Scantraxx,2021-10-19 19:31:53,2021-10-19 17:00:01
Envine - All Around Me (Crypton Remix) | Q-dance presents QORE,https://www.youtube.com/watch?v=9k8pW2FYemM,Q-dance Music,2021-10-29 09:19:46,2021-10-29 07:51:20
D-Block & S-te-Fan - Kingdom (Sefa Remix) (Official Videoclip),https://www.youtube.com/watch?v=1oNObY96qeA,D-Block & S-te-Fan (DBSTF),2021-11-02 16:04:15,2021-11-02 16:00:11
Warface & D-Sturb - Midnight Paradise (Official Videoclip),https://www.youtube.com/watch?v=uxEotTWKJVA,WARFACE,2021-11-05 21:28:56,2021-11-05 14:00:13
A-RIZE - Heartbreak,https://www.youtube.com/watch?v=CtceQRQkQTg,Art of Creation,2021-11-09 15:08:11,2021-11-09 11:52:53
Adaro & Aftershock Ft. Ava Silver - The Now And Then (OUT NOW),https://www.youtube.com/watch?v=sSy5hmwOd8M,Roughstate,2021-11-11 08:28:09,2021-11-11 06:50:40
Adaro & Aftershock - The Now And Then (ft  Ava Silver) OFFICIAL VIDEO,https://www.youtube.com/watch?v=RIp142t4GUg,Adaro,2021-11-11 11:25:39,2021-11-11 11:00:11
Act of Rage & Nolz - Road Rage (Official Video),https://www.youtube.com/watch?v=sVYMUJLF3No,Act of Rage,2021-11-12 14:24:10,2021-11-12 12:29:10
The Prophet - Listen To Your Hardcore (Official Videoclip),https://www.youtube.com/watch?v=0_yEma8pToE,Scantraxx,2021-11-18 20:26:46,2021-11-18 15:00:10
MaRLo & Monika Santucci - Colder (Nick Havsen Remix),https://www.youtube.com/watch?v=IlYgBvxcB3c,Reaching Altitude,2021-11-19 14:42:36,2021-11-19 05:00:13
Klaas & Mister Ruiz – Feel only love (AXMO Remix),https://www.youtube.com/watch?v=s4wYWVruO6s,You Love Dance.TV,2021-11-19 14:40:10,2021-11-19 09:00:35
B-Front ft Pleuni - Everlasting (Official Videoclip),https://www.youtube.com/watch?v=wv1huIisBmg,B-Front,2021-11-29 14:25:43,2021-11-29 14:18:00
Rooler & Sickmode - LOST & FOUND (Official Visualizer),https://www.youtube.com/watch?v=ubc6fxuz5_Y,Aggressive Records,2021-12-02 12:52:17,2021-12-02 08:26:32
B-Front & Digital Punk - Away From You (Official videoclip),https://www.youtube.com/watch?v=fyp556Zwgr4,B-Front,2021-12-06 19:03:53,2021-12-06 16:00:11
Harris & Ford - Survivors,https://www.youtube.com/watch?v=uyFL77bHc70,Harris & Ford,2021-12-17 18:22:40,2021-12-17 15:10:14
Coone - Sir Gaga (Official Video) (Free Download),https://www.youtube.com/watch?v=6eub2QbZCy4,Coone,2021-12-24 23:45:33,2021-12-24 15:00:12
Firelite - Oasis (Official Video Clip),https://www.youtube.com/watch?v=gMGvn06D5ws,Dirty Workz,2022-01-18 19:54:44,2022-01-18 11:00:13
Eternate ft. TNYA - Unity (Official Videoclip),https://www.youtube.com/watch?v=OEXoNBUq4ng,Scantraxx,2022-01-18 19:32:36,2022-01-18 15:00:12
KELTEK - Spirit Of The Night (Official Videoclip),https://www.youtube.com/watch?v=SnHRUI_jymk,Scantraxx,2022-01-27 21:26:30,2022-01-27 15:00:08
Nightcraft - I'm Afraid (Official Audio),https://www.youtube.com/watch?v=Htm2YkSeo6s,Scantraxx,2022-01-28 21:53:15,2022-01-28 15:00:10
Imperatorz - Stay (Official Videoclip),https://www.youtube.com/watch?v=_n4TXfSsg-M,Scantraxx,2022-02-24 17:44:56,2022-02-24 15:00:11
Rayvolt - Crashing Waves (Official Videoclip),https://www.youtube.com/watch?v=INwFOcu3G0s,Rapture Records,2022-02-25 12:32:18,2022-02-25 11:00:09
Ran-D - Out Of Control (official videoclip),https://www.youtube.com/watch?v=HEFyY7lPeqo,Ran-D,2022-02-25 12:14:29,2022-02-25 11:00:18
Retrospect - Droppin' 909s (Official Audio),https://www.youtube.com/watch?v=USMcOe19fAE,Scantraxx,2022-02-25 15:35:15,2022-02-25 15:00:28
Level One & Disarray - Vengeance (Official Videoclip),https://www.youtube.com/watch?v=LR-1_6YslIk,Scantraxx,2022-03-15 17:05:57,2022-03-15 15:00:16
Evil Activities - Nobody Said It Was Easy (Sefa Remix),https://www.youtube.com/watch?v=4rIW1Xz63Wc,Sefa,2022-03-30 15:04:00,2022-03-30 14:00:12
Syph - Save Me (Official Videoclip),https://www.youtube.com/watch?v=-wfOfWqZYnc,Scantraxx Prospexx,2022-03-31 20:53:36,2022-03-31 14:00:40
Envine - Synthesized (Official Videoclip),https://www.youtube.com/watch?v=tuMw9AlOOIY,Scantraxx,2022-03-31 16:30:10,2022-03-31 14:17:24
Nightcraft - Lose Myself (Official Audio),https://www.youtube.com/watch?v=RXlw9MlGD5A,Scantraxx,2022-04-12 16:24:42,2022-04-12 14:00:11
D-Attack ft. Mark Vayne - Adrenaline (Official Videoclip),https://www.youtube.com/watch?v=U_dde_0TD4A,Scantraxx,2022-04-21 15:46:20,2022-04-21 14:00:25
Mazza – Summer Luv,https://www.youtube.com/watch?v=-lFSiqCgPBM,You Love Dance.TV,2022-04-22 11:01:34,2022-04-22 07:30:00
Envine & Clockartz - We Are One (Eternate Remix) (Official Videoclip),https://www.youtube.com/watch?v=01hxegKZd0k,Scantraxx,2022-04-22 14:35:46,2022-04-22 14:00:11
High Resistance - Goodbye To You (Official Audio),https://www.youtube.com/watch?v=A_H3pVt6PIk,Gearbox Digital,2022-05-05 08:47:51,2022-05-05 08:00:59
Da Tweekaz & Crystal Lake ft. XCEPTION - Firestarter (Official Video),https://www.youtube.com/watch?v=mAg0FG1hvxc,Dirty Workz,2022-06-09 14:32:29,2022-06-09 17:00:11
Talla 2XLC & Ralphie B - Spirit (Official Video),https://www.youtube.com/watch?v=-OxPu9XgHtI,zyxdance,2022-06-13 15:42:17,2022-06-13 13:32:22
KELTEK - Way Back Home | Official Music Video,https://www.youtube.com/watch?v=lJjohwJZmgo,Scantraxx,2022-06-15 15:20:56,2022-06-15 14:00:11
DJ Isaac & D-Block & S-te-Fan - Slave To The Rave (Official Video),https://www.youtube.com/watch?v=ogvWqmUgGUk,D-Block & S-te-Fan (DBSTF),2022-06-22 16:04:46,2022-06-22 16:00:24
Bass Modulators - Legacy (Official Videoclip),https://www.youtube.com/watch?v=7pCdKGeW1tk,Art of Creation,2022-06-30 13:04:30,2022-06-30 10:00:11
Guardelion - In The Dark (Official Audio),https://www.youtube.com/watch?v=v5jDJJF5hek,Scantraxx Prospexx,2022-08-11 14:14:17,2022-08-11 14:00:09
Relianze - See You Dance | Q-dance presents NEXT,https://www.youtube.com/watch?v=QyKVSmva7vA,Q-dance Music,2022-09-05 09:50:42,2022-09-05 09:02:02
Harris & Ford x Xillions - Won’t Forget (Official Lyrics Video),https://www.youtube.com/watch?v=ka2DzcRvxOE,Harris & Ford,2022-09-30 14:35:00,2022-09-30 14:18:47
Marc Korn x Semitoo x Plastik Bass - Last Unicorn (Official Audio),https://www.youtube.com/watch?v=jP-XEMGrQ9I,Marc Korn,2022-10-21 10:16:32,2022-10-21 10:13:52
Envine - Remedy (ft. Réva) | Official Music Video,https://www.youtube.com/watch?v=HC809jS4qAY,Scantraxx,2022-10-26 18:24:49,2022-10-26 14:00:10
N-Vitral & Vertile - Renegades Till The Grave (Official Videoclip),https://www.youtube.com/watch?v=kRufT0XMZa4,N-Vitral,2022-10-28 16:11:56,2022-10-28 07:00:30
Stormerz ft. Mark Vayne - Holy Grounds | Q-dance presents SPEQTRUM,https://www.youtube.com/watch?v=JAD_fYQ_NYY,Q-dance Music,2022-11-10 13:11:31,2022-11-10 10:59:49
B-Front & Phuture Noize - The Anyone | Official Visualizer,https://www.youtube.com/watch?v=RSeCcfn4L_s,B-Front,2022-11-18 15:13:06,2022-11-18 15:00:30
ATMOZFEARS & XENSE - LOST | official music visualizer,https://www.youtube.com/watch?v=1SyIUMLeizM,ATMOZFEARS,2022-11-23 16:45:10,2022-11-23 16:01:17
Villain - Shirt Off & Twist It | Power Hour Records,https://www.youtube.com/watch?v=esPO-CZasFU,Q-dance Music,2022-11-24 16:27:55,2022-11-24 16:00:18
Serzo - Stronger Now (Official Audio),https://www.youtube.com/watch?v=kOnI2ZQDMAQ,Dirty Workz,2022-11-24 19:01:22,2022-11-24 18:00:32
R.I.O. x KYANU x Nicco - Party Shaker (AXMO Remix) (Official Music Video),https://www.youtube.com/watch?v=CCqjEL3FpVA,Kontor.TV,2022-11-25 11:06:25,2022-11-25 09:40:19
Sickmode & Rooler & Sefa & Levenkhan - NO ONE IS LIKE US (Official Visualizer),https://www.youtube.com/watch?v=-iw7_5AjbPQ,Aggressive Records,2022-12-08 09:33:00,2022-12-08 09:00:00
Divinez - Like A Star | Official Music Video,https://www.youtube.com/watch?v=pc5gTL4Tn-0,Scantraxx,2022-12-14 16:08:40,2022-12-14 15:00:10
"Frontliner, Crypsis & Alter Ego - Finally!",https://www.youtube.com/watch?v=yGrVBZ7Nbq8,Frontliner,2022-12-20 17:51:43,2022-12-20 17:41:03
"Frontliner, Rooler, MC Jeff & Alter Ego - Stay Woke",https://www.youtube.com/watch?v=RMvJgPYBpKg,Frontliner,2022-12-24 16:56:07,2022-12-24 15:22:20
🔥 🆕  Harris & Ford x DJ Gollum - Numb (Aftershock Remix),https://www.youtube.com/watch?v=hwo8SkMgKC4,Harris & Ford,2023-01-06 16:14:39,2023-01-06 13:53:56
D-Sturb & Act Of Rage & Nolz - Magnetism | Q-dance Records,https://www.youtube.com/watch?v=ZJnIVZY3o90,Q-dance Music,2023-01-11 18:23:42,2023-01-11 15:00:16
Dvastate & Disarray - Stand Up | Official Hardstyle Music Video,https://www.youtube.com/watch?v=6WQMLH0_1ew,Scantraxx,2023-01-12 16:28:27,2023-01-12 15:00:09
KELTEK - Turn To Dust | Official Hardstyle Music Video,https://www.youtube.com/watch?v=VstU-Oc3r8g,Scantraxx,2023-01-13 20:45:20,2023-01-13 15:00:06
Rebelion - Vendetta (X-Qlusive OST) | Q-dance Records,https://www.youtube.com/watch?v=k_cZRdLR8rk,Q-dance Music,2023-01-19 14:22:42,2023-01-19 14:00:24
Vertile - No Sleep | Q-dance Records,https://www.youtube.com/watch?v=roeeIm5WFtI,Q-dance Music,2023-01-20 10:13:43,2023-01-20 10:00:36
MYST - Talk About Love (Official Music Video),https://www.youtube.com/watch?v=C1BNl4B9Fj8,MYST,2023-01-20 15:34:04,2023-01-20 11:00:09
RVAGE - Hyperspace (Official Visualizer),https://www.youtube.com/watch?v=9DVR-gPKt5k,RVAGE,2023-01-20 15:54:11,2023-01-20 15:00:05
Galactixx - Sun Goes Down (OUT NOW),https://www.youtube.com/watch?v=FiVFlXVBdu8,Roughstate,2023-01-26 13:10:25,2023-01-26 08:32:55
Devin Wild - No Resistance | Q-dance Records,https://www.youtube.com/watch?v=E-DGUl0TZOo,Q-dance Music,2023-01-27 11:40:24,2023-01-27 11:31:51
Frontliner & LePrince - Mad Sound Killer,https://www.youtube.com/watch?v=eCalkoMSlRE,Frontliner,2023-01-27 17:03:13,2023-01-27 16:00:11
Jade Key ft. She Is Jules - Gets Better (Official Audio) [Copyright Free Music],https://www.youtube.com/watch?v=y2T6vAyWG7M,Dirty Workz,2023-02-01 13:34:46,2023-02-01 11:34:29
MISH & Krowdexx - Time To Shine (Official Visualizer),https://www.youtube.com/watch?v=Dxt3jeN5pJ4,Aggressive Records,2023-02-02 09:27:58,2023-02-02 09:00:08
Frequencerz & Embassy - The Mind (Official Video),https://www.youtube.com/watch?v=iUAgLxF0aQw,Frequencerz,2023-02-02 17:35:17,2023-02-02 15:00:23
Deformer - A Moment Of Violence (N-Vitral pres: BOMBSQUAD Remix),https://www.youtube.com/watch?v=8UC-Ti-R0iA,N-Vitral,2023-02-02 19:38:59,2023-02-02 15:30:03
B-Front & Kronos - Tonight | Official Hardstyle Music Video,https://www.youtube.com/watch?v=WRW0RhQy9Wo,Scantraxx,2023-02-03 16:11:24,2023-02-03 15:00:07
phuture noize - i raise my glass (ft. nino lucarelli),https://www.youtube.com/watch?v=_HLrUnYpIkw,Black Mirror Society,2023-02-06 20:47:58,2023-02-06 19:29:00
Riot Shift - FIGHTING DEMONS (Official Video),https://www.youtube.com/watch?v=cG6aD_8cCX4,Aggressive Records,2023-02-16 17:07:47,2023-02-16 09:00:22
Stormerz - Into The Fire | Q-dance presents SPEQTRUM,https://www.youtube.com/watch?v=XhFxBI5r8fw,Q-dance Music,2023-02-16 10:19:02,2023-02-16 10:11:47
Aftershock - Top Of The World | Q-dance Records,https://www.youtube.com/watch?v=mTT_FQvmYQU,Q-dance Music,2023-02-17 12:23:36,2023-02-17 09:56:02
Sound Rush & KELTEK -  Kings & Queens | Official Hardstyle Music Video,https://www.youtube.com/watch?v=3DbCt080RCI,Scantraxx,2023-02-17 17:53:15,2023-02-17 15:00:09
